title,Zip Code,website,latitude,longitude,type,Activity,Adult Club,LGBT +,price,thumbnail,description
Bar Botanico,15201,http://barbotanico.com/,40.4713683,-79.9601177,Bar / Pub,,,,$$,https://lh3.googleusercontent.com/gps-cs-s/AHVAwerS_gXu5fUNmw7mU1mSheDMM8sZmfeK58aTQJXVx3PLu966IzattrKgzhCcoan0A7R-ISCJHMfz49D0gllCzfEXgKSpIJxnU0GA_kAma6h-ctgMYtspQNfideu3WVXIm-ePl5OS=s1024-v1,
Belvedere’s Ultra-Dive,15201,http://belvederesultradive.com/,40.4689441,-79.9615335,Night club,,,,$,https://lh3.googleusercontent.com/gps-cs-s/AHVAweo7cXE9C8ysCg4F5bpUD7Wu23bE2qHzQ_cfG-uK0rOxZpXlu93LGKIZe0pt_gHk7Nmc82gyGuortJCPhYGGYCTpfXmMJ77cndZanpSClQQmnMWZ4QlUxcsWnsS3yI52TEvXHK64=s1024-v1,"Easygoing hangout with live music & pool. Live music, DJs & karaoke in a no-nonsense, arty space with pool tables & a full bar."
Blue Moon,15201,http://bluemoononbutler.com/,40.4788378,-79.9555158,Bar / Pub,,,1,$,https://lh3.googleusercontent.com/gps-cs-s/AHVAweq38VqUKsrukZNVNRPhlV8jUAZjp9jBoNPOzOEnd8Qg37dqirWcWdRDU2cV1f3MJD0BZ2zVdjAmzu2JIEyVuMIiRfv4DtgidWz2RvhGWJS_fqLtPN79mllHNOi1gHlfGHridkBIlw=s1024-v1,"LGBT-friendly bar & drag show spot. LGBT-friendly, wood-paneled tavern offers frequent drag shows & draws a mainly gay male crowd."
Burghers Brewing Company Lawrenceville Tap House,15201,http://burgherspgh.com/,40.4655084,-79.9653805,Winery/ Brewery,,,,$$,https://lh3.googleusercontent.com/gps-cs-s/AHVAweqnkmyz7bW5f-rWGQnyv3oMAkO5AxhlZv9WyzZkRI1eg5obSYtVz3B1av-dT2cGxPVXeIpbHp3K-xZtURFFfhkFPxxzfTT2I2qeWhN8c9JmfeFjIm4ISP4l2OPpYzVfUfcU3Y8uOw=s1024-v1,"Farm-to-table burgers & shakes. Upbeat spot offering build-your-own burgers & other locally sourced fare, plus shakes & sodas."
Cheerleaders Pittsburgh,15201,http://cheerleaderspittsburgh.com/,40.4588206,-79.9707548,Night club,,,,$$,https://lh3.googleusercontent.com/p/AF1QipMSHrto_j_S32F-nI0ZwF5WqB3L_J80e2bJN9_V=s1024-v1,
Coven Brewing,15201,http://covenbrewingpgh.com/,40.477254,-79.9570836,Winery/ Brewery,,,,$$,https://lh3.googleusercontent.com/gps-cs-s/AHVAwerddF0TMePAAjpPrhzTzHOpiSDBoFz8xZ32-TAUS5fgw9EXeE98Gv0nMFiZ9Q4-r8KLXGPOyn4t0gSuc-F04WfOvflGUGnIoduKDadPIief-u2XmEyDjegs6_jCeLfl5nRWQ1P_lw=s1024-v1,
Eleventh Hour Brewing,15201,http://www.11thhourbrews.com/,40.467035,-79.9654264,Winery/ Brewery,,,,$$,https://lh3.googleusercontent.com/gps-cs-s/AHVAwertLcMp3XfeW-EqavdcAYCkXAtZaCgtFCiD7U1mDv_6DNk216JPUE9Jk6oGuK4nmRSQBKs79NtZSwaepJoB7AMeox4PPfy1sGrecuEFMFzSQVd0KJfGae03FBbNAD4b63UqIcsc=s1024-v1,
Hop Farm Brewing Company,15201,http://hopfarmbrewingco.com/,40.4845124,-79.9480268,Winery/ Brewery,,,,$$,https://lh3.googleusercontent.com/gps-cs-s/AHVAweqOlRgvN0AX_fBG9t5sK5dOQEixjfItNSOMUj09_XTMK1YDfFv1G4mLqj1viMZxecqNj-IS_UjFEa0Gi9hXQ8KZ0Cr-WgLqOqddxnB6S31XuIrZ2I1LygZUMUUIdudRZDCqyMO5wdXeuVc=s1024-v1,
Lolev Beer,15201,https://lolev.beer/,40.4816217,-79.9538576,Winery/ Brewery,,,,$$,https://lh3.googleusercontent.com/gps-cs-s/AHVAweoCOl7bkpqwuTxE89q1CkyD6NBF7GY_XkWO6I4sMUELGiRsAvPa1LXaoukucwgJIcDABZ4ZSVmqLRkPRUYmEC1LoK3L-ntV_I_zcPw4RVArI00KS6BOQ9vOKDt4u4DrU46_J3dszo5Jwac=s1024-v1,
Long Story Short,15201,https://www.cinderlands.com/locations/long-story-short,40.4665041,-79.9647863,Bar / Pub,,,,$$,https://lh3.googleusercontent.com/gps-cs-s/AHVAweoVYF3LEDzuPhO4uyxEgNSWs6ZDoi3D924VavF8ES3mL4vTYfycBMD_HyyhnXrLfyet6OpYpaBLgS05LDUkgKqIW6ihtbLkPEDRuMWUoG0TDDNm78CRe4_WV4QHvN5EY2XDOLjXvA=s1024-v1,Housemade brews & from-scratch plates. Elevated bar bites & house beers are served in a rustic brick-walled setting with a warm vibe.
New Amsterdam,15201,http://www.newamsterdampgh.com/,40.472149,-79.95953,Night club,,,,$$,https://lh3.googleusercontent.com/gps-cs-s/AHVAwepF_E_vlw3E54x7HFPkpzkPiOIwppoa1Jr9eBxLQVdPAdvhPP1bDmLK8_81iZUQv77S7u8S41IDUazdSynKgsAMd1sB-9bZ0BmNV2GSAPoFd4jNZfQPooclEctJYkUKHhuDK4hVBQ=s1024-v1,"Bar bites, microbrews & a rooftop patio. Industrial hangout offering finger foods & lots of microbrews, plus local art & a rooftop patio bar."
Remedy Lawrenceville,15201,https://www.remedybarpgh.com/,40.4789968,-79.9555344,Bar / Pub,1,,,$,https://lh3.googleusercontent.com/gps-cs-s/AHVAwerSYeE_sb5I-KIUGyEsKNd-uXrEw6qSPrjqfdz4iUVZYkert5H-B64N_LSlPtkltyPRW0sbNIdMG9MEAm9Bdk9bySFUHoxJp99YNfj24OTYD_cJlD7RmdGh38PsTxgNeJeAdeM=s1024-v1,"Eclectic, 2-level hangout with a patio. Bar with 2 floors & a patio drawing a diverse crowd for updated pub grub, TV sports & weekend DJs."
SideQuest on 44th,15201,https://sidequestpgh.com/,40.4725388,-79.9616418,Live music venue,,,,$,https://lh3.googleusercontent.com/gps-cs-s/AHVAweprQGdp-_dlyG0zeQMkPOuA3q61dj9qj1s8Icl_n78EHx31y6fBNEtR1-TbhPioBjlkL3Pf2R_5lnv_g3RfcZVe_RA0jast2i_DLNU3nZFYYkv9Jo7I6-0cMppRHTsc9aFBs3rh=s1024-v1,"Vibrant bar & live music venue. Long-running, gay-friendly nightspot with tap beer &. a calendar of regular live music."
Spirit,15201,http://www.spiritpgh.com/,40.4786379,-79.9565781,Live music venue,,,,$,https://lh3.googleusercontent.com/p/AF1QipPsE-miasPrxu9O9W2HECaIQf3zQrBsH7RCPKj8=s1024-v1,"Hip bar, pizza parlor & event space. Trendy multilevel space with a cocktail lounge, pizzeria & a rental ballroom for events."
Take A Break Bar,15201,http://mydlowski88.wix.com/take-a-break,40.4648945,-79.9606154,Bar / Pub,,,,$,https://lh3.googleusercontent.com/gps-cs-s/AHVAweoLlt8SIeOjcsvYWs1B8AIg5p10POssaz5FQ3i3XAhmzwE8pANIW1w-XVJQqV2pSOdEjujzQF4YVj_5YLHa2_TCigaLa8VLe6d7Fwxrb5ozhBBcF9HklZvmNmpsY6TjPVFWoNP_=s1024-v1,
The Brewer's Bar,15201,,40.4614603,-79.9677561,Bar / Pub,,,1,$,https://lh3.googleusercontent.com/gps-cs-s/AHVAweos2juAnL7IyNK0DKrVLwyijhJZbnMWs83AuV1YHRMpxg94d4ahzjzqwVAIHy5xzsKnFQtASB_7eDfhxZDGr9s3Rkoi3ORGhVqq8AH_IGSnKYztDf6BKMISHkySmU0uFWUMu0_N=s1024-v1,
The Goldmark,15201,http://www.thegoldmark.com/,40.4727304,-79.9591666,Bar / Pub,,,,$,https://lh3.googleusercontent.com/p/AF1QipN4A-ptLG1z0FNAxjzKSq46Un1DqSldu0a0RGui=s1024-v1,"Happening bar & dance spot with DJs. High-energy bar with a lively, brick-lined dance floor, nightly DJs & a cool vibe."
Thunderbird Café & Music Hall,15201,http://www.thunderbirdmusichall.com/,40.4693991,-79.9616095,Live music venue,,,,$$,https://lh3.googleusercontent.com/p/AF1QipNdEmw1fHWrJlRv6jcTJf5m8oO2Sq_l2DEr08xs=s1024-v1,"Bands, brews & bar food. This bi-level bar/live music venue presents touring & local bands plus bar food & craft brews."
Acacia,15203,http://acaciacocktails.com/,40.4282821,-79.9758829,Bar / Pub,,,,$$,https://lh3.googleusercontent.com/gps-cs-s/AHVAwerDRPhdIB7KBGqxl9WUXoQR4biBSudO4RGOJqPTDLwwGYJHeQZHwnIl2PLQiJpmeEKry-7GqlaLBq7WH3SAj4SM1lw-bKMrqQFZMNhOSsTX8mwRBq6nCtqPtIyckWtmtj8Ftgpu=s1024-v1,Chic speakeasy with inventive cocktails. Sophisticated cocktail bar with a Prohibition theme serving craft drinks in elegant glassware.
Avalon Social,15203,http://www.avalonpgh.com/,40.4289831,-79.9825388,Night club,,,,$$,https://lh3.googleusercontent.com/gps-cs-s/AHVAwepX_fA5n32Iupq9-8Vpd-Cz0zttmqfksQBD4J9Pl6Bg5MzkTjgCCwqvNC_ovc9Koht6XceGh6SzUnyD6T5TV5Ga7kf6rkcorMI9ZlrJeVD2lBzaDIvtdlEdSjGWv0gN6d7Y1kFDbg=s1024-v1,"Boisterous dance club & lounge with DJs. Upbeat nightspot with a party vibe featuring weekend DJs & live music, plus 3 bars & VIP areas."
Bar 11,15203,https://m.facebook.com/pittsburghsouthside/,40.4272542,-79.9872787,Bar / Pub,,,,$,https://lh3.googleusercontent.com/gps-cs-s/AHVAwerf6V5zq2DWWjtdejaLk_G8PSPgNefL3nxrrqxX2Mfw1qubkJn7LvqNxZR_5lx1WPstIeLUBks4glHcOwc-B491CwMmLWU_74kM2fB8E-311NytfKJmhKoRypoBdbvRgS-w-bQn=s1024-v1,
Birmingham Bridge Tavern,15203,http://birminghambridgetavern.com/,40.4245866,-79.9645328,Bar / Pub,,,,$,https://lh3.googleusercontent.com/gps-cs-s/AHVAweq6IG3Lvl0FhxfIJ1YUaqdnuzSVUt_a5ztJ5WqoHxAoQWaSuD_T_-Hp8RxdtZw8jAJodut8MgyVb9deWz-wV9Ni3dbFaviuQC5h3Y1MJsgnRyjrXmIqSjOTcWYz5vnEcXNpgEr5=s1024-v1,"Cozy location for eclectic pub grub. Brick-walled tavern furnishing fare such as burgers, sandwiches, burritos & craft beer."
Brewski's,15203,,40.4287563,-79.9908592,Bar / Pub,,,,$,https://lh3.googleusercontent.com/gps-cs-s/AHVAweqXHavcIaYHDJWLW3_jOCBcIIlwb0U2JTH8k3a9zwgkgWK4rxOi1d2HZmPEzXhS0fgFqY1vHQjv95AjAcKyTyRHSDLcTltXvW0IcE9yvHALxctpGYghDMCj68SBz6dBUXb3T-iXew=s1024-v1,
Carson Street Deli & Craft Beer Bar,15203,http://www.carsonstreetdeliandcraftbeerbar.com/,40.428932,-79.98311,Bar / Pub,,,,$,https://lh3.googleusercontent.com/gps-cs-s/AHVAwepf3JwbbsoiE-3cPSY_mel7HE2JxCQEVN-xEORGfFEhDgGFWZK-VlRxL3eJ9N5xBpU7_dwn6bMEJu3iiX7lRi70pX9sJlYdBMnr3m4I1bjPxchs7FsPMvXS2jBfkXZcAx5DUamM=s1024-v1,
Casey's Draft House,15203,,40.4289115,-79.9799903,Bar / Pub,,,,$,https://lh3.googleusercontent.com/gps-cs-s/AHVAwepY91Lr4FcX_uK-EPf8NjsApNDRhOmecVxtIvDzq0wzJvGAX55zWhEGeIa5YziNiGVdpPeJbOvVBKj4uMcX5oHIDqALznTZaQNwEzQsnkuFZQVK6m7aYkdN18wZqpPm06TSQFVd=s1024-v1,
Club Cafe,15203,http://www.clubcafelive.com/,40.4289403,-79.9866582,Live music venue,,,,$$,https://lh3.googleusercontent.com/gps-cs-s/AHVAweq1G4Zv8N2t-CNy8G2fGlajtk3KEsqW0x2oLf6I41tB7Px-_a1dNEVzNWbpPQMlrhyECoRh7gXeEgBkw_3cUGLoc0Fg-Fkub7jeZqInbMxFGTj5EPXhwkOI6_yd3TKG5f_cJCFC=s1024-v1,"Intimate music venue with drinks. Relaxed spot for a variety of live musical acts, offering a cozy vibe along with drinks & snacks."
Dee's Cafe,15203,http://deescafe.com/index.html,40.4287121,-79.9846855,Bar / Pub,,,,$,https://lh3.googleusercontent.com/gps-cs-s/AHVAweq4b4LlR3JG72k0x7kE3PDOVGuLWdzhzJdvFrTYldavMhOsulGHMYfFowU_cRpfEksgj_N4IEhPXtfyV-7SdnrsKJjmg6XndX9ja9SDQYnACr6kG54vo-wkb_Eo6dRpC-FXtIXI=s1024-v1,"Classic dive bar with pool & darts. Unfussy, longtime dive bar featuring a dartboard, 7 pool tables & a basic range of drinks."
Enclave,15203,http://www.enclavepgh.com/,40.4287406,-79.9824388,Night club,,,,$$,https://lh3.googleusercontent.com/p/AF1QipNMJi4ay5B4p3Rr91zlFQfYiew5Ts51WpiqRmbI=s1024-v1,
Fat Head's Saloon,15203,https://fatheads.com/pittsburgh.html,40.4289667,-79.9801756,Bar & grill,,,,$$,https://lh3.googleusercontent.com/gps-cs-s/AHVAweoSkJps0Fwdec5aiIdu7OBPIecRKTTlcQZn2pB87za7O6YYUehRaCi9ZJPnWH7a40HgeEfZocR0yIcnIkOCeJAX7H9QoNaXO_sSOelmm_2vFI42kCyfgfwjbgPhubDfMEyDZpd4ew=s1024-v1,"Craft beers on tap, sandwiches & wings. Casual saloon has 40+ craft beer taps, including house brews, plus burgers, wings & other pub food."
Garvey's,15203,https://m.facebook.com/pages/Garveys/124618670946598,40.4230889,-79.9739528,Bar / Pub,,,,$,https://lh3.googleusercontent.com/gps-cs-s/AHVAweocuVl4Z1KNdHnTlB2lvB7j_rE0ne7kTKqNAq3UCPA7Gxz9wlDvvzaW55cAVfZIlAMUbTqmPjTW8MsTjqo69UomxKJxQz3UH6P-4sDYXQItyMdLPa9NC-Q9k6zqvdaV0x70iRg4Iw=s1024-v1,
Hofbräuhaus Pittsburgh,15203,http://www.hofbrauhauspittsburgh.com/,40.4288248,-79.9647919,Winery/ Brewery,,,,$$,https://lh3.googleusercontent.com/p/AF1QipOFXhwt6it0UxE3EQsz0DHxn41he80hNkHfFMuV=s1024-v1,"German beer hall with a Bavarian menu. German brewery modeled like the Munich original has seasonal beer, Bavarian fare & costumed servers."
Jack's Bar,15203,https://jacksbar.shop/,40.4288589,-79.9866309,Bar / Pub,,,,$,https://lh3.googleusercontent.com/gps-cs-s/AHVAwepYdJDm2hpCEZF3c04tDkW26Z7zFqfWtnM0zcvFyTqR_rtBz6L4SNCzMwHohhMHsXHKkqrsPTYRXgRxMa8ue1NO6nthlaY11vGTetei04_pe-MgoHPSrR6c5jCDleTodNufPq2x=s1024-v1,Old-school pub with classic eats & games. Venerable local watering hole offering basic bar food & games in down-to-earth surrounds.
Jekyl & Hyde - Pittsburgh's Halloween Bar,15203,https://www.jekylandhydepgh.com/,40.4265787,-79.9809497,Bar / Pub,1,,,$,https://lh3.googleusercontent.com/gps-cs-s/AHVAwerpdLJjNrjLvq3h6_7ppcEZezUsHZ_AlvoDvOaCP1bT8hDu3RQ6Ad8fZ1uX4UewCdLRsFKDKhuq6yavZfth1wywYjT9GhHBe67Epv4z5XN7etw2e7v_TNe82HCb_UhgDup2jUtelA=s1024-v1,"Cocktail bar with a Halloween theme. Beer, cocktails, music & karaoke offered in a small, Halloween-themed bar with haunted house decor."
Jimmy D's,15203,http://jimmydspgh.com/,40.4289936,-79.9816413,Bar / Pub,,,,$$,https://lh3.googleusercontent.com/gps-cs-s/AHVAweppyHQsGbK8-OkH0qEVjASX5PJvdGF6kZizG9viJe4ysxVpr9sOuGIGNbkWeN3dSkGAhlG57U6BbwDd1ZYU_7CbaJuJ75hMy-u_lR0uIlf33LjFjM4R-2MXCkLV4NulZIgvfgPw=s1024-v1,"Big 2-story bar with DJ shows & dancing. Lively, longtime nightspot in an industrial 2-story setting with bars, a dance floor & DJ shows."
Linx,15203,https://linxpittsburgh.com/,40.4290117,-79.9813724,Bar / Pub,,,,$$,https://lh3.googleusercontent.com/p/AF1QipO3wrcIzyMSVv9n4fese7xxhUeuxqlHdtOMGP7s=s1024-v1,
Over The Bar Bicycle Cafe,15203,http://www.otbbicyclecafe.com/,40.427405,-79.969063,Bar / Pub,,,,$,https://lh3.googleusercontent.com/gps-cs-s/AHVAweo-gqCslT39EWP5oA3SqXP17kSltZU-uBN0yQMa6CkKdCMfqtLO5rbh3neqJQWkiWGGuO8CZ07DEL7Uuosfzqkr5FhpfQsvwg7E2dAPLDcUJyKP7PB37H0z2OFZUskSW6sd01c=s1024-v1,"Bike-themed eatery with eclectic fare. Bicycle-inspired cafe featuring unique burgers, vegetarian dishes & a full bar with happy hour."
Piper's Pub,15203,http://www.piperspub.com/,40.4284687,-79.9794312,Bar / Pub,,,,$$,https://lh3.googleusercontent.com/gps-cs-s/AHVAwerjTEDhD8Fcogh7bc6mLlE48aNrMB6Lf-QX_jHdXyUJv76GwqZxU9VmvyDqhTu35EmgRpedOc5oQrDCpyH57B4PuoP_j12C1hLDOCxLWfevsVkvCK0j1-Ak0kEGUeit2Vlx_AEL=s1024-v1,"English pub fare, craft beer & sports TV. Curry & chips, Scotch eggs & English breakfasts in a pub space with craft beers, Scotch & sports TV."
Ruggers Pub,15203,https://www.ruggerspub.com/,40.4301196,-79.9745856,Bar / Pub,,,,$,https://lh3.googleusercontent.com/gps-cs-s/AHVAweodC53GCdp6n7wsU9QrflmLRs2GEN4HpMR9scB17Yt6gcGN8pyrnvSkPnXC7ucYLmCerAOI9z3Vo-Nawbq32jHvyxVU8oC0tFNLgo-KfrHebN6bdnZDrFtiCq8pP5__gSemD7FE8w=s1024-v1,"Regional beer bar with comfort food. Regional craft beers at a relaxed bar with a menu of pub fare, including vegan & vegetarian dishes."
Smokin' Joe's Saloon,15203,https://smokinjoessaloon.com/,40.4287744,-79.9774279,Bar & grill,,,,$$,https://lh3.googleusercontent.com/gps-cs-s/AHVAwepkja4wDP4QlOladLH_CjRQlRBQ2gKMLVEcESmraUS8dF9aQfVSf7psu6hKpiscByz8obWacSte_-W-9Stn7Z7cHHGWj6qoAP-3pFs26NpeeFPwXkW6HhUmqxguutzbTQg5_Qi7=s1024-v1,"A deep beer selection, plus wings & ribs. Suds-centric saloon serving wings & ribs, 350 bottled beers, 60 on tap, plus growlers & flights."
The Library on Carson,15203,https://www.thelibrarypgh.com/,40.4281287,-79.9728506,Bar / Pub,,,,$$,https://lh3.googleusercontent.com/gps-cs-s/AHVAweq9OahC4mxUJzDsrcS_Ze0rMZzZjBmQSl1uswa5yVikH7atBrWTZON5bNOGRH8-9-StNKIj4QAarPdG7jqH46BMvEDrivG2BFFu2jzgrJz-V-ObkP_yGpE2LyzrNuumqb0oe1wYrw=s1024-v1,"Book-themed American fare in casual digs. American fare, with dishes named after books & stories, is served at this casual restaurant & bar."
The Urban Tap - Southside,15203,http://theurbantap.com/,40.4289593,-79.9859142,Bar / Pub,,,,$$,https://lh3.googleusercontent.com/gps-cs-s/AHVAwepsMrOz-egIVyPh8fIZU1cky6IhBgX612rJV-V5rOJCgkZx_TYpd4ACmqibKsElLRtSqrgD6sKRNW1XpzEuH5sC6s-5hST0celILkw4r0ktg0L1NzzpjX-dOAtGxSey-fdDZciMVg=s1024-v1,"Gastropub with New American eats. American grub with a modern twist & lots of brews on tap offered in cool, industrial surrounds."
Velum Fermentation,15203,http://velumfermentation.com/,40.4264608,-79.9757508,Winery/ Brewery,,,,$$,https://lh3.googleusercontent.com/gps-cs-s/AHVAwer3wXrlUp0CEBFKvhdDpkKUxfzVa_x4FJ4IU882nBtH7oYnHPeBiEdLlDQQBFGhzbGxSVWCErcDwOu0RlmDxAMYcYAy9vibXZGh_5S1irvYBN2mK4_gmyyNv3Em8k0uHMDvhG-Clw=s1024-v1,
Smitty's,15204,,40.4537519,-80.0612616,Bar / Pub,,,,$,https://lh3.googleusercontent.com/gps-cs-s/AHVAweoP0hcr5U7-Z9pYTX1zVNx5k-dJMOvO-mkIr42jLWxYqR8alWjmYR8qCgqBI_Dzs-Mf8pC-tVxyR5C5IkbFsqd0mZ3ILyUOboO64bxLu9c0e2cOZ2Y5PiSfBIKGaEudbfsbX5hc8H3SEH8S=s1024-v1,
Ugly Dog Saloon,15205,https://www.facebook.com/UGLYDOGPGH/,40.4267498,-80.0555578,Bar & grill,,,,$,https://lh3.googleusercontent.com/gps-cs-s/AHVAwer08ucgMNChDv5v2djPJpugat3pAYIYzgmXjALI8gSweVp96bgKbA18Xcue2R7dSIcp7bvnOcHjEufye2x4Ger3Do8pxb-xuwAx7YfXj-CWTexqsKYv4uCpJAlMskZZTu50x71R=s1024-v1,"No-frills sports bar for wings & beer. Microbrews, wings & pub grub offered in a standard sports-bar environment with pool tables."
Commerce Bar,15206,,40.4602958,-79.925568,Bar / Pub,,,,$$,https://lh3.googleusercontent.com/gps-cs-s/AHVAweosbUlUkx4nuVa0HA6jEzK0aHoCPROBVg-nXbqXi1UxQYMXDGmPzaOBWbFu_wcOlj6vOo8Ep_YCBEvIaB1N3Id_gNK3xloo8mPyLNZ_9hn8p6S5_XKKWtmMYE4QEldXcEfPLuKW=s1024-v1,
East End Brewing Company,15206,http://www.eastendbrewing.com/,40.4592709,-79.9117796,Winery/ Brewery,,,,$$,https://lh3.googleusercontent.com/gps-cs-s/AHVAweqQOWnQ3jja1VBmZ025ILIw5Ykub0WoutE1xqK9fUxMlJfZy5cSfra3sVqleWY3eM-Phjx9EyvJTsdDHCvpuMPpVxq8qqM61RTQtb_shiE8qUbo2hMGf3lwDpXZvWGJmsIxotn32Q=s1024-v1,"Craft brewery with pizza, beer & cider. Craft brewery with a patio & an in-house pizza kitchen, plus a variety of beer, cider & soda pop."
Goodlander Cocktail Brewery,15206,http://www.goodlandercocktails.com/,40.45744,-79.9102159,Winery/ Brewery,,,,$$,https://lh3.googleusercontent.com/p/AF1QipPHmZ9tFmbiq330sVQMtEI2pKnRtSrLdSjzq2Rc=s1024-v1,
Jackworth Ginger Beer,15206,https://jackworth.co/,40.457861,-79.910142,Winery/ Brewery,,,,$$,https://lh3.googleusercontent.com/gps-cs-s/AHVAweolyyKjaukZVFCmgMPMH3ioIyvIYXiPanRTWh_upuwUz2V_sNMTn2FJJPWD6UYzyMEiaXMFBQb7Adx46zTyQrKU5zm_uPWhtkfz0uB2Nq01NabCnRCp_AP6a-PiE4IhgjRUdxay=s1024-v1,
Kelly's Bar & Lounge,15206,https://kellysbarlounge.com/,40.4598916,-79.9243914,Bar / Pub,,,,$,https://lh3.googleusercontent.com/gps-cs-s/AHVAweq4LmHV5ogJ3bHAeV4vHP2XgqcXmNnRdAcwFMicb6jmsYqWsTbRLya3KFXazHLCq1jLxvnrIQdoI3AzUUMAItsjwCBc45XNTAV-mPePHMjU-9C1fDNaoFBExMhzqcVDdVAYq3E=s1024-v1,"Trendy venue for cocktails & pub grub. Hearty bar bites, ales & an extensive cocktail list in a hip hub with a patio & happy-hour specials."
Park Place Pub,15206,,40.4762,-79.9209463,Bar / Pub,,,,$,https://lh3.googleusercontent.com/gps-cs-s/AHVAweoTNabouGBilV3j5xgJ8YgO7aNiSxd5pQZhcCvnjJZRHDsMN_VLufDdNFzrmyZt3Rnaqx5AXV9P7xrzEUIfQkrz0YyHYbfCK1ItPzWt9MC7WCDSw8KdfK_DMHISrU5JqX_diY7G=s1024-v1,
Shadyside Hideaway Bar,15206,https://m.facebook.com/pages/category/Pub/Shadyside-Hideaway-Bar-214440072048737/,40.4579716,-79.9255737,Bar / Pub,,,,$,https://lh3.googleusercontent.com/gps-cs-s/AHVAwerQYrf00Ih6pr4yAwx7XkbHDWAKjv_XhpP6Fwh8v5in5O3RCe-nOvq4vaKCgYs68v8vBHdOSTKajMlim26rZ8nTwCJi6xf-Gh0C_3dJYV3h9425K-dwWuTKZyjmUSPpMPm-xeZq_w=s1024-v1,
The Bulldog Pub,15206,http://thebulldogpub.com/,40.4867684,-79.9266313,Bar & grill,,,,$,https://lh3.googleusercontent.com/gps-cs-s/AHVAweoHfSDABXuwE0kkfA0KSZZERFq2dvaunhewbC4rUX0cV_5iOCFEdwD5mYhw_JCTnoiEbdxHstGLQ3fUrpMeL1F7q_fmLCEP8TTtzPIpXk9gR0EeQQ44tELWcIOTqlSwsM1-8gTE=s1024-v1,"Laid-back choice for burgers & beer. Small, unpretentious watering hole with many craft beers & a menu of burgers, sandwiches & wings."
Abstract Realm Brewing Co,15207,http://www.abstractrealmbrewing.com/,40.4077376,-79.9454629,Winery/ Brewery,,,,$$,https://lh3.googleusercontent.com/p/AF1QipMJ1XVJCiB4RE9mvgYW4p5512zwnJ0bgPhYDGCX=s1024-v1,
Hazel Grove Brewing,15207,http://hazelgrovebrewing.com/,40.4142154,-79.9454344,Winery/ Brewery,,,,$$,https://lh3.googleusercontent.com/gps-cs-s/AHVAweoGeKgq72bQ3jLLD2SkYLU94U5FGYWUq0MGEBpqgOCK72mLJ7rFT7s2gGTpWbijcfYwaBrQrA1i8tC-ox46JW5xJz_5bRdnY2dVjb637YnP0wDjsVlIsXtBslvaXHdbOt85zMx0=s1024-v1,
Mondays Brewing Taproom,15207,https://mondays.beer/,40.4261883,-79.9403606,Winery/ Brewery,,,,$$,https://lh3.googleusercontent.com/p/AF1QipMDWOnv1G6G9bBDmriydA9My2zAJBzzKZXkkSgu=s1024-v1,
New France Brewing Company,15207,https://www.newfrancebrewco.com/,40.4078382,-79.9454834,Winery/ Brewery,,,,$$,https://lh3.googleusercontent.com/gps-cs-s/AHVAweqqUtDrreWQkK6VOJjYYO4ODxgLhU9lGxsNCn8Mi90lsYV9haHKntLGkQpnIWXDTH0QuhbF1WxteMjNfKo6HGZY6wcWCb8n3f5GCtsZyNyIjdO92y0njFiFvQdKBhqLkR4JPxfe=s1024-v1,
Zano's Pub House,15207,,40.426535,-79.9499225,Bar / Pub,,,,$,https://lh3.googleusercontent.com/p/AF1QipNJYLl2RkN9xpbBgRSGWGoZA1RU4EU10jmsRbqW=s1024-v1,
Galaxy Lounge & Entertainment Center,15208,,40.454877,-79.8953953,Lounge,,,,$$,https://lh3.googleusercontent.com/gps-cs-s/AHVAweo9XfqrAfou0YYvUDl0Nh637GIhmVmxt4R6i5uPc0Iuw35zetoZcJk13O2rvfXMS5MYpst3Cdgc3P6fCjUk2rGKiHq4vqVQ_bM7gdFeHVqR114-N3uh6wpeqJtJc5ZMo68YTw6Q=s1024-v1,
Sudz Brew Thru Beer Distributor,15208,,40.4578043,-79.9082717,Winery/ Brewery,,,,$$,https://lh3.googleusercontent.com/p/AF1QipOcwolOAiKfDOpSILePC6S6oJRCjN379KdHhbvC=s1024-v1,
The Space Upstairs,15208,http://thespaceupstairs.org/,40.4503713,-79.8984652,Live music venue,,,,$$,https://lh3.googleusercontent.com/gps-cs-s/AHVAwepYkp3b29yhHjnreZvW6t8fSiNpweB1i_N71GAj8xgI7RSKsrzrNba5qi89ZUaj5ys2u1b7IeiNS17dHcz2ZE7lu0-wAEZ7Zg1m3H_vpXkCT74WCkPme6OlO9-JOHoykWDsjtUo3g=s1024-v1,
Burghers Brewing Co. Millvale,15209,https://burgherspgh.com/,40.4800929,-79.9730202,Winery/ Brewery,,,,$$,https://lh3.googleusercontent.com/gps-cs-s/AHVAweoqqepwlaMQ2mwl1QDsF2LW-5pOvjrZ2evl9OQf_XtvNTwNvOAr8xU3SjSrIvCCiJfplmdv79FZz6tI_eZ_uCvffrxR9XQ89QO7qWZpIRcuxxySSM9f-vCth9rTH75POtTXbt7kz6J6wIOf=s1024-v1,
Grist House Craft Brewery,15209,https://gristhouse.com/,40.4787139,-79.9722824,Winery/ Brewery,,,,$$,https://lh3.googleusercontent.com/gps-cs-s/AHVAweqspM835Y1wn2ulBzch0HVNf8OFhoA3WL1k0Mm7niyfYglOe7uP14Q-ziesjtYFYYrf1FfuATpsGEc9NXVTVtIOz3t8Rnx5map3pheiuhRmR--qHJS9el41qHpUTjg_yV_NvyXy=s1024-v1,
Poetry Lounge,15209,https://www.poetrymillvale.com/,40.4821428,-79.9741324,Bar / Pub,,,,$$,https://lh3.googleusercontent.com/p/AF1QipNGjjHghd-9BYMkDbfeD5hYwVWPrdtXWrtiN53G=s1024-v1,
Bottlerocket Social Hall,15210,http://bottlerocketpgh.com/,40.4210471,-79.992225,Bar / Pub,,,,$,https://lh3.googleusercontent.com/gps-cs-s/AHVAwer5O7aR9IUl48EAAS8npzNTD5rnmdex2gmvx7pVfHVAbQ9FoD0PqmVHOEcLEg1gulYZJcRfsHEgrEGdggjGDDCsaB1Pxblgquz7E9ZGx90gJf4bfoKjDMo5Oi_4HbiQ_ElcFWdA=s1024-v1,
Carrick Lit Club,15210,https://m.facebook.com/thelitclub,40.3954217,-79.9903659,Night club,,,,$,https://lh3.googleusercontent.com/gps-cs-s/AHVAwepIrUA1R5gRj5Ibl4XqUW4eLCwcUJsvyuvh6spkzSfpqLgM8XUE1GfKNKvqz9ayvXhYEt6yiWZoMKdmi66m9VReBs_TnP1Uy0eYfg5zv49k1gUYe7yGz9737VfrND_cEwTe6Iltd4M0NDol=s1024-v1,
"Emma Lazarus, Art and Music",15210,https://www.emmalazarus.com/,40.3969505,-79.9881095,Live music venue,,,,$$,https://lh3.googleusercontent.com/p/AF1QipMmxEzcMu1bR1DoY0j4jJirV-XpcTzmok222Mco=s1024-v1,
Inner Groove Brewing - Pittsburgh Taproom,15210,https://www.innergroovebrewing.com/,40.4219841,-79.9926767,Winery/ Brewery,,,,$$,https://lh3.googleusercontent.com/p/AF1QipPwCPdbqVzZAPNHZk9tmUzWgCbMxwYTj-nLRSUb=s1024-v1,
K&M Pub,15210,,40.4216119,-79.9870656,Bar / Pub,,,,$$,https://lh3.googleusercontent.com/gps-cs-s/AHVAwerAPUBde0e9-vvXsAzBv8c2HryhDyTr_Eknbt7XtzvcM3sz7NoSkpPsZHQPmpQwaeHOQQz1tL0DoRGd7hg9gim8s4h9kyHXgaCtx-y3QDFMuzwVcR5KSURfP0kRsq-Tb6C_8iWI0mKP9CI=s1024-v1,
Shred Shed,15210,,40.4216149,-79.9945185,Live music venue,,,,$$,https://lh3.googleusercontent.com/gps-cs-s/AHVAweodRXAK3gMLUcCAh7lRARTbuTLH3dVHJM4aeeWdvqOoNpaqfXUerHk9aadpdcMLbiclcSPc4QhaLlBIfU_eJpjWb71zSZpBdwiLuqR84pelzpSFwgjAqN-U0pkfL3coN5ZaHPgn=s1024-v1,
The Storyville Lounge at Dr. Tumblety's,15210,http://inspiredbyspirits.com/storyvillelounge,40.4218809,-79.9938976,Lounge,,,,$$,https://lh3.googleusercontent.com/p/AF1QipNg7eY7Uvof6Qi3JYCucRbuDsSvhPhsz5ovcRzt=s1024-v1,
Whovilles Bar,15210,https://www.facebook.com/whovilles.bar/,40.3937929,-79.9865816,Bar / Pub,,,,$$,https://lh3.googleusercontent.com/gps-cs-s/AHVAweq4daEDSx6VpgKvusFWF0k_QTDNkB4RN9_YyitoBHEqbpvkTm8r24k86OSDpBC2DnQ0iX_nH4ZhiqLVwj2vGSj4uYxgahzYP3zCGI9SbSqkppRm0Z0_dCna-wVNQzoYqJwwnlPsJQ=s1024-v1,
Cafe Nikos,15211,,40.4303358,-80.0075577,Bar / Pub,,,,$,https://lh3.googleusercontent.com/gps-cs-s/AHVAweoEOPabwUS_cSHdUd1vlW_JRHCGXSK8oHfp-J_EnBCdZI19GdoCmZtHTt840Y7nVA1hKmBMVywMQYijDxIzXuwKwETML38erHx3aEGU6Sfq8Z9Iznw-ED_jINfVsxBc0fN7wgJ1=s1024-v1,
Satalio's,15211,,40.4271862,-80.0042076,Bar / Pub,,,,$,https://lh3.googleusercontent.com/gps-cs-s/AHVAwep-KWc7u2itNf8K_CauUrR1dRDW654qdPPeBFuiQWodNXkG02aofHZSP-xpwvxLyr3SowQaQENQJ6tu7uXgezoyW20lFB-590AuZlCbKa-DOMI7mYgVrYxJry53Cfa_wOhCN-oC=s1024-v1,
Scarpaci's,15211,http://www.scarpacis.com/,40.4289911,-80.0071662,Bar / Pub,,,,$,https://lh3.googleusercontent.com/gps-cs-s/AHVAwerRAfznuKdc526T8uaQbVeKqwtgVpzy7GW3cdiUavn3RqJpmcbJOhXhYc5WTk2qbaZXnVlXSiWj_O1Tb_lJVX5pAjT4_wf_uRWtqHEwusYpEzeY1CLIXMY1h5vA9M76wMRs-Ebv=s1024-v1,
Sloppy Joe's,15211,,40.4301585,-80.0072843,Bar / Pub,,,,$,https://lh3.googleusercontent.com/gps-cs-s/AHVAweq_P_0ibNS0rfIBRlh1Iy4d2Yq2CD9OGNx3FqwYZjLqJhRnTAW5HLQDx2_iH5xZ0gCS-N9okiXuuv4H1uuah57p6WqXagM81HSKGVYuYnaDA1rbBrMXfpPTnAlKmANGb0fqvzAQ3Q=s1024-v1,
The Grandview Saloon,15211,https://thegrandviewsaloon.com/,40.4381429,-80.0185374,Bar / Pub,,,,$$,https://lh3.googleusercontent.com/gps-cs-s/AHVAwepwqDOtnYYngbfuc60zeMvMUNh8Xt1MmQAL8iiJIlHFBq5GQNgj_hRhletuic9RCIwCsMUPbaNbu8qxPIqL4ckYhSq2MZCoJFqCgM6eqas2UOEqSM6MRvRcMpMHC-Vskj9CKSzDXg=s1024-v1,"Terrace views over seafood & steaks. Bistro & bar offers a semi-upscale space, terrace views of the city, fried fish, steaks & burgers."
The Summit,15211,http://thesummitpgh.com/,40.4307527,-80.0075324,Lounge,,,,$$,https://lh3.googleusercontent.com/gps-cs-s/AHVAweqkvngZbHCDffOBKEH3Jth7_ODjfpipDNYulH0VNY2uwtQk0is_VosfQTMznSlDKw6i0NmOUYBoOM472hgvjJulSk8NuwTof9ii4wXJth62HxMiVCF5ITdLiGQVKtDeAwxtEic7=s1024-v1,Warm haunt with choice bites & cocktails. Cozy pick offering craft cocktails & elevated pub grub in dimly lit digs with exposed-brick walls.
Allegheny City Brewing,15212,http://www.alleghenycitybrewing.com/,40.4537786,-80.0002783,Winery/ Brewery,,,,$$,https://lh3.googleusercontent.com/gps-cs-s/AHVAwernTOXz_77dfeO4uB96bC8K2_eFsax6-6HnNmgjjFTrqN0LjhG57pXqle1ZAhWfCW4MR6Sp_n1JIadWX7X5YeUvFVJz2keswczvSDpv2zqIVR1qzJP7MTLJWMopDyqaf5RkDaMUXA=s1024-v1,
Bar Louie - North Shore,15212,https://www.barlouie.com/locations/us/pa/pittsburgh/north-shore,40.4463639,-80.0106043,Bar & grill,,,,$$,https://lh3.googleusercontent.com/gps-cs-s/AHVAweqAS2vsm1444NMS1_Hq4hmka69KXPUcKlvAqeAiAoUl3RHVnppHGv4yi8dMmFL6ldcjubQvZasl6IBgFAF6M4moIJ4Bb69sx3yLCe6Lp1ydmEOIXb5jqKWDrfAzez0SMpD1MNhf=s1024-v1,"American pub grub, microbrews & martinis. Upbeat grill chain with American grub, martinis & microbrews, plus happy-hour deals."
BURN by Rocky Patel Pittsburgh,15212,http://www.burnbyrockypatel.com/,40.4461372,-80.0110897,Lounge,,,,$$,https://lh3.googleusercontent.com/gps-cs-s/AHVAweqIA3w_cm5WLpBUpJyKn_AundDhf4hftDQ6W7HiKYOqy0XK41oertztA64e_wO_UtjCo7AgdsYUqW8-luCon5s_wy5jN4_Q8yq2IJlZdXSAqMP97QYl5ioplWFh4Of9ziTM1KE1D6txC0Ie=s1024-v1,
Government Center Bar,15212,http://www.thegovernmentcenter.com/,40.4545848,-79.998225,Bar / Pub,,,,$$,https://lh3.googleusercontent.com/gps-cs-s/AHVAwepEQMEWa3BulzpECsQ_8ckvJVjqncJkjeBCYXBWCzGukT-9sAjxkN1Ub_pVOzlhOGqHjRil3bQ2DoLijhN0OhHm77si8NOSXEiYdLR4Yey3UfhOo6uJCPwzGmfsL7v7V0xQhYa_=s1024-v1,
Hysyde Lounge,15212,https://www.instagram.com/hysydelounge,40.4670426,-80.0343623,Bar / Pub,,,,$$,https://lh3.googleusercontent.com/gps-cs-s/AHVAweqMbkWT5L-_voOZXexx3TEpdTZjTgH3L5hxdh2QLUqm2rABRp9-ucWWYy65UPsA0l-JdReZJlitEJ2IXOaxZbcSW8f8A6AKbrUgBEMIjxbtZUiezXLoMxmA24FJI1RgbIM3HYXHPg=s1024-v1,
Jason Aldean's Kitchen + Bar,15212,https://www.jasonaldeansbar.com/pittsburgh,40.445704,-80.011482,Bar / Pub,,,,$$,https://lh3.googleusercontent.com/gps-cs-s/AHVAwepdgvR-LNdnWF0iZtnZRHYkz6v6MRrK42vIm7xEI3FkS7-o1Q6xwVySNZ9y04CQZHp73vzsxJQ_oE2UjKsQEXQDXiy7fxJUxA9ciQy6GJgx3oeCj2Wvf2eGnSPFTgDAZMlJ6AS9=s1024-v1,
Jim Beam Left Field Lounge,15212,https://www.mlb.com/pirates/ballpark/events/venues/left-field-lounge,40.4474063,-80.0042851,Bar / Pub,,,,$$,https://lh3.googleusercontent.com/gps-cs-s/AHVAwer46c50Y85JuPzN5llHYzt_hWr0wok1eihdsCu8vWWKadcXeQ33IvIQ_PZel5qes_OTx44R8BkYmr2a2EKfkNx36pctQLuW0djg-H7oGxLbOn-jvF0rWW77AYOhKa9bbh6bVuDMaNwn8oWJ=s1024-v1,
Monk's Bar,15212,,40.4522867,-79.9981671,Bar / Pub,,,,$$,https://lh3.googleusercontent.com/gps-cs-s/AHVAwerpLoH_-bYBqRN6P4gXW_wT4fZApkUqR9U9siFq3pL190icc3oDrUd7Zlc5lUvcAigbUHyv8KTr2o4bkAgwQLVLVkVHxLW-l8Fy-2NdEer0wqrbRnxArIxXWgref0WBGS9aa-RV0A=s1024-v1,
Monterey Pub,15212,http://themontereypub.com/,40.4556322,-80.0132228,Bar / Pub,,,,$$,https://lh3.googleusercontent.com/gps-cs-s/AHVAwepd4B9KVXJZpX9GHX1cY47fhpwMrlvzI8sNXlVeD7alLRG11CEKRNGS4K86MwmUgFVGDN5Xzufuxzt8CKMTXi0pLmNFwCU-J0WCBRbgzNwBW-8WyjjOUczPm4jNMxw4V0JvnNHQ=s1024-v1,"Irish pub with a cozy, antique feel. Tavern featuring vintage wood booths and a fireplace, plus Irish eats & American comfort food."
O'Brien's,15212,,40.4759994,-80.0313402,Bar / Pub,,,,$,https://lh3.googleusercontent.com/gps-cs-s/AHVAweq1Xjz9WOPl28VEuUcG9FUW3mDzj3MRhmINJ6zrNyhJOCXVXB0R9cD02gmL_K1zvfGqU693YUVnd24NekQJDYXcqXZJ6sVmQkp1dMix2iLjM4zCS2JmndGQoQ2YAhDBpnDq8f6IoQ=s1024-v1,
Park House,15212,https://parkhouse412.com/,40.453258,-80.001425,Bar / Pub,,,,$,https://lh3.googleusercontent.com/gps-cs-s/AHVAweobxYADXWgKGMD-xoZVsd8ra607G4LwwG7-pviAkl_Qb3ViE2N9OE0a0sA5-VwxyVJVqGc1RRsBDNe58XdacJo_opYTQd4YnA6MB0ls6S3NBUWQUaOR6UEbzCeovAqtnATV1cZ0_Q=s1024-v1,"Low-key spot for beer, bar bites & music. Comfy pub with a warm vibe offering craft brews, Mediterranean-style bar food & live music nights."
Penn Brewery,15212,http://www.pennbrew.com/,40.4571715,-79.9915052,Winery/ Brewery,,,,$$,https://lh3.googleusercontent.com/gps-cs-s/AHVAwepetBKo18w7egkIiNZptyoqH3INLCJ9xtE2bymRVJmOJ9Zx529ZtWYM3OS307QUnjvEWDn8zooln8UdDyJ76R3aNP9_bBx0VyL6PPNym0Lna7ZP0EhHcoL8KBWBqoogf1I3_1E=s1024-v1,"Longtime German-style brewery with tours. Long-standing brewery features German-style brews, diverse comfort fare, regular live music & tours."
Pittsburgh Sports Bar,15212,,40.4765653,-80.0306078,Bar / Pub,,,,$$,https://streetviewpixels-pa.googleapis.com/v1/thumbnail?panoid=Ze3WmrwlMH9R0Y-Y-SDEcQ&cb_client=search.gws-prod.gps&w=80&h=92&yaw=43.02958&pitch=0&thumbfov=100,
Pub 33 Bar and Grill,15212,,40.4466567,-80.0144311,Bar / Pub,,,,$$,https://lh3.googleusercontent.com/gps-cs-s/AHVAweplgGLn6H-znML3Ng-7mRVpQAoQ1ZDLEqDzpKjnKTaYnBxxe3MDe7coJ-36rY0puYz1E_XwPsL1G0S0TA_MPJksor6n5QleZ7HwDwDW6lkOwTm_Isqf5IsjRrFzDr14eWdp7PQpWg=s1024-v1,
Rivers Casino,15212,http://www.riverscasino.com/pittsburgh,40.4478179,-80.023202,Bar / Pub,,,,$$,https://lh3.googleusercontent.com/gps-cs-s/AHVAwepzbupabZZO7AysscxHX2TlLlJGkF_bpMloEf6sFdh_hg8EPRyop0jnWUS8gTwQjGKVHOMhXtGpFdiEMGtw1TvZP9Gn-djhJsNgMb-2LDBhR4YOzl_zFznaVUVog1mtm5qmjJ5_=s1024-v1,"Slots, poker, dining & performances. Casino with slots, craps, poker & other table games, plus several restaurants & live entertainment."
Shorty's Pins x Pints,15212,http://www.shortysx.com/,40.4457544,-80.0108071,Bar / Pub,1,,,$$,https://lh3.googleusercontent.com/gps-cs-s/AHVAwerxu7zYWb6B4y3uHNcfjzr_WcRykVtWJ9AH8i4-uHxoyeCnuDVIeGtdG9aPWhQNazW1xkskAvoVdt2Teoxh0dAgkRNgkJyzzYFIEaRn6QOyWrdWEQl04xRizzPmgAlHPDy3yrVla2CjIYGM=s1024-v1,
Steel City Sports Bar & Grub,15212,http://www.steelcitygrub.com/,40.4765653,-80.0306078,Bar / Pub,1,,,$,https://lh3.googleusercontent.com/gps-cs-s/AHVAweoB9-RkIEeFK6eky__zecdCoUr24n63jqVV_f8Jb7FJYNVauakFU5a4Zq3e-mtUYryCfoj9inrLDvPLTeGd0_iDlwWGBWxv2l_NLWSTap79ZRJdT9jIsSGuo505_sJ-MyxHnkYy=s1024-v1,"Roomy American haunt with bar games. Big sports bar & American eatery offering pub grub, TVs, a deck & games like pool & air hockey."
Tequila Cowboy,15212,https://tequilacowboy.com/pittsburgh/,40.4460747,-80.0115356,Bar & grill,,,,$$,https://lh3.googleusercontent.com/p/AF1QipNvfUb3w0n3hwgccx6_xEvBTYLR1Mmz8fMoFJg=s1024-v1,
Tom's Watch Bar - Pittsburgh,15212,https://tomswatchbar.com/pittsburgh/,40.446179,-80.008876,Bar / Pub,,,,$$,https://lh3.googleusercontent.com/gps-cs-s/AHVAweqausP5XHE09rSGGCqqvTenFEQUkwQfnV1akCTOgIG-xJ1seQRC_O_Y2oPeM5QZRCkrwz69UUNkiG3VlO7A6kw1QkBoOz7GHK8DMzsf49uFT55tSyc6vVitNDdck2mgXGubyE1FHGsgLz4C=s1024-v1,
Verdetto's | Bar & Restaurant,15212,https://verdettospittsburgh.com/,40.4552778,-79.9969444,Bar / Pub,,,,$,https://lh3.googleusercontent.com/gps-cs-s/AHVAwerudxjcaoTr2lWSFdi53qImjIbpP6jP_N7hYOmcd9ZtTyXL_fU2OPp_gjEh9ixbecmyj9Z6hOCSW84xd-2XfTJBtPxbkRYiNLNfwxURYVDuUgUNVEiEUCqF3hH_FwDu_57MwFI8=s1024-v1,
Young Brothers Bar,15212,http://www.youngbrothersbar.com/,40.4750853,-80.0349863,Bar / Pub,,,,$,https://lh3.googleusercontent.com/gps-cs-s/AHVAwerdFLR8dr1IYTPYICHEfXCzwBKCgjAPJjASIWV3gnfVX0fhQz3JfVMTnnTg3VQNjt6TZAXBj7jVEizilJHvKGSrnVscOniz4vLa53n85pTW95hj8jw3MgOu0fHqURgVTt9HUn_J=s1024-v1,
Electric Banana,15213,http://www.electricbananaclub.net/,40.4547313,-79.9543093,Night club,,,,$$,https://streetviewpixels-pa.googleapis.com/v1/thumbnail?panoid=mON6b7eMtsImTNL8rew2xg&cb_client=search.gws-prod.gps&w=80&h=92&yaw=83.23389&pitch=0&thumbfov=100,
HAVEN,15213,http://havenvenue.com/,40.4381085,-79.9536756,Live music venue,,,,$$,https://lh3.googleusercontent.com/gps-cs-s/AHVAweoiDl2pkQ6Qbd555QnnNlfxQ1BFRwsbZ_uuksaB4MRmF6IBpgnBNsngv52NaV5skQK-plvaNZQLX3UirYMbhSKFls0i8ovK02n1VUd3UNsGqtJls24Ka8hkqmF8GXWyJtBay7Og=s1024-v1,
P Town Bar,15213,https://ptownbarpgh.com/,40.4540385,-79.9489786,Bar / Pub,,,1,$,https://lh3.googleusercontent.com/gps-cs-s/AHVAweoZmvJJ9Nxel0CVxJjpzwmTEm1BA-agFu_pow_nDUZbvMPKW8syfmgvO4WDye_T3pNXQwi03E5avQi0SWJiOU9OTuewgX5N-JVX84ATN0z2LmKfgkOKJtu97fcYtEPPqfYc-eY2=s1024-v1,"Vibrant bar with karaoke & events. Lively bar featuring regular events & karaoke nights, plus a pool table, a jukebox & pinball."
Phat's Bar,15213,,40.4365212,-79.9545707,Bar / Pub,,,,$,https://lh3.googleusercontent.com/p/AF1QipOr-mgLrradKDHCT4LrbyFxnODyBHcn8uHqJEl6=s1024-v1,
Dancing Gnome Beer,15215,http://www.dancinggnomebeer.com/,40.4938628,-79.9315478,Winery/ Brewery,,,,$,https://lh3.googleusercontent.com/gps-cs-s/AHVAweqkdhKq8tfUQ5Z7GhWew769eBx-_lJxhsMV_tGHj86SrkrM9HXyeIKYBpNlwXeFKRiRHtSSZAbCyc8zNqToHN-M4FIeyrr5_XrzcLPVcJw35z6J1FzwxSQFkayK8fZM7Gz1Jx7FUA=s1024-v1,"Craft beer in a warm, industrial taproom. Industrial brewery taproom pouring craft beers in inviting digs with a view of the production area."
Back Alley Brewing Company,15216,http://www.backalleybrewingpa.com/,40.3934707,-80.0361189,Winery/ Brewery,,,,$$,https://lh3.googleusercontent.com/gps-cs-s/AHVAweplcKPBFDR6mBX-BZpFR3Qh1kkPoTCEfO_z9TRbQne5PSqqJM_VHd7JUEyKQNKz3fXo7_2l8uOgk9hMaH2dhTHawp67CxiBREbctWEc_z4gT3qTaGMbdP-TsAsutJzG4XfaMeDH=s1024-v1,
KingView Meadhouse & Winery,15216,https://www.kingviewmead.com/,40.3933635,-80.0463102,Winery/ Brewery,,,,$$,https://lh3.googleusercontent.com/gps-cs-s/AHVAwep3g6wQrq_cMcOqFO50_hdqOicbslvWznfss3TLWbbvPfaQza7k3xDT_reTlw9tNQzOc0Q9mbnYy2_JeMk_GZoefgAG26LnWLkMN8lprTWzyLMxoXKdsDPNnIjf11KnkwfX8aWZ=s1024-v1,
Dale's Bar and Grill,15217,,40.4198994,-79.9280913,Bar / Pub,,,,$,https://lh3.googleusercontent.com/gps-cs-s/AHVAweqmikBYCWvqKmPZ-u3CTmPucOaje90H5lMziU9HapmNA6obmHYA9-0dGVs1_gLFFfcdccUptUqxkk3MiWBv4YRhwS3a00Oc9Phj-ZvtCu0bw_JUM9p56liATzlmMvJyo78_RbJO=s1024-v1,
Drift Hookah Lounge,15217,,40.4316731,-79.9234063,Hookah bar,,,,$,https://lh3.googleusercontent.com/gps-cs-s/AHVAweo_cMOE_FEBYw_kYfLk8zzgO1U4-WcronOrrRzTZszHCefBVfZLEiQRho-VcsCHdJQkk-LO0bKtlK6PGaB9I-7ZuMhtsSAxbqMdo99nu_xxf09o75NcVaJ2MQv6Ds-v-rvU2tfF=s1024-v1,
Hidden Harbor,15217,http://www.hiddenharborpgh.com/,40.4376352,-79.9194888,Bar / Pub,,,,$$,https://lh3.googleusercontent.com/gps-cs-s/AHVAweq2JRfN7m3PqxDf5gfqeqROY-0lQxNYCdGFS-YTYzRieuQpQQmUIrA5FdEWrHKA85CJ7E8tOqwuiF_tlY3kSGjSQmQwn1WVDhnq9O3KX8PfJj49E-EXrgv_Zy1hsPuHonTLZ69y=s1024-v1,Tiki bar with tropical drinks & snacks. Tiki bar serving Polynesian-inspired cocktails & bar snacks in tropical surrounds.
J. Gough's Tavern,15217,http://jgoughs.com/,40.422732,-79.92853,Bar / Pub,,,,$$,https://lh3.googleusercontent.com/gps-cs-s/AHVAweoLVdsNQf46PIDNKs0HTJvi_AojJ8IIn1KZ0waj-XJhBEdj4iUZYa9pljuO8qMOfvMa0ZErzh5DT0_tDZBz4_oxa9f1G9LOJ4fMSkUGeDfatVJgQRATrAWWYRJvrE36dDedtXRj=s1024-v1,
Squirrel Hill Cafe,15217,https://yohoho3.org/squirrel-hill-cafe,40.4378655,-79.9226711,Bar / Pub,,,,$,https://lh3.googleusercontent.com/gps-cs-s/AHVAweobNjdJapfVcgZAmXzmzbMFc4NCDwzVSBHMZWxFsKjidqtuo6_2zJT_DiVYwcsv3AOPHgWzaVSx0rXhONor4_XKKWQeJZ9RDDFv3JXAF17_FvOiGhfhgizrlyU2L4T9CiySYmrnfQ=s1024-v1,"No-frills watering hole with casual eats. Popular late-night bar serving up cocktails, brews & casual grub in an unpretentious atmosphere."
4th District,15219,https://www.druryhotels.com/locations/pittsburgh-pa/drury-plaza-hotel-pittsburgh-downtown,40.4430206,-79.9950577,Bar / Pub,,,,$$,https://lh3.googleusercontent.com/gps-cs-s/AHVAwerMU5bkAW4yghI1s5MNfu7vfmKuVFJ9_gS5UZm7eXKCrC1-6BxuMrV5QEC0rysbr3h7tsEKZ0bDMLwrAlaRTkCBrgrLnTz7vTQ8FsaNZYkN9a3fKmkeIY9MnFyo71fa2JCl98OCzP-l-SFB=s1024-v1,
Bar 301,15219,,40.4383265,-79.9990769,Bar / Pub,,,,$$,https://streetviewpixels-pa.googleapis.com/v1/thumbnail?panoid=Ky1qHjkhEkY0IbjdDp21DA&cb_client=search.gws-prod.gps&w=80&h=92&yaw=298.59012&pitch=0&thumbfov=100,
Bigelow Grille Kitchen & Bar,15219,https://www.thebigelowgrille.com/,40.4405858,-79.994395,Bar / Pub,,,,$$,https://lh3.googleusercontent.com/p/AF1QipOroXKLXftBPXMc4cvoLvuWOyOYlRtnsxDHpDU6=s1024-v1,Contemporary American fare & drinks. Relaxed spot at the Doubletree Hotel serving local & organic New American eats for lunch & dinner.
Black Beauty Lounge,15219,,40.4444446,-79.9792758,Night club,,,,$$,https://lh3.googleusercontent.com/gps-cs-s/AHVAweqNucSQis0CDA1dZBt27jFcApYZFcAfhPeMLqIp8umz349Y5uD478ugRElQGXpJH-_YzwEYT4eOKL9ap-kSLtgHlTVet5lfRo3ANsj-RSdsUesHWxq-GXYMbKvJ6ZKiiPPiKhDD-A=s1024-v1,
Blend Bar with Davidoff Cigars,15219,https://blendbarcigar.com/pages/pittsburgh,40.4422757,-79.9957584,Bar / Pub,,,,$$$,https://lh3.googleusercontent.com/p/AF1QipMP8vBazDEKI64HWXkg9u2YeyuA7Vhpgv4V4K3a=s1024-v1,"Classy cocktail bar & cigar lounge. Polished space for cocktails & cigars with a marble bar, art deco accents & plush furnishings."
Cafe Fifth Ave,15219,http://cafefifthpgh.com/,40.4386764,-79.9920132,Bar / Pub,,,,$,https://lh3.googleusercontent.com/gps-proxy/ALd4DhHnURApwvjBGDRXMjYIbYYXNRRD8OAbzSic5Y9L9D5FALrX239VJ-Drq6NLJtqYpty8V-t-VQSluD6l3j8ayiPJJSYGlQGTnq-DUZ1WNtuH8CiIo_OyRfl_tkFpGDAMRo_EbulfALshs3zxQS9DbId9IYp-KXxtklntYge9ahTOVnsG_8kK8QjGsdNLcV89-6MqpYA=s1024-v1,"Pub grub & draft beers in lively digs. Bustling, bi-level tavern with a large bar, draft beers & American eats, along with a pool table."
Controversy,15219,http://controversy412.com/,40.4421933,-80.0234645,Night club,,1,,$$,https://lh3.googleusercontent.com/p/AF1QipNFt3dq6-oVtkF_TSDYZeM9r84rj4JUgq9b3fXO=s1024-v1,
EP Bar & Lounge,15219,,40.4376092,-79.9989687,Bar / Pub,,,,$$,https://lh3.googleusercontent.com/gps-cs-s/AHVAweoHkt93xFpRB3UFglIUAYKP-9Eto5dsc73UjybvHhdTVRLJt-GIjd-1KmR0Y3u5yErVJqFhiniHJVg4y_RBmmT-52KjDtgkvnsT2bE7pm6dbb99dLfyjSHtAkKP1MhErlFQjyOzZgfefCty=s1024-v1,
Gandy Dancer Saloon,15219,https://www.grandconcourserestaurant.com/location/gandy-dancer-saloon/,40.4333827,-80.0040238,Bar / Pub,,,,$$$,https://lh3.googleusercontent.com/gps-cs-s/AHVAweqlM7UAK_vu3DTQeBaXbhve3UKOz3-cQD_8BJDeGUkxOlxqCVPH0rA10bTcLdJGev-us7KJbedDlBlfE7B4QlgL34b5Gd88Lam4ir0H09jw_2fSqpk6TPOlSl3BMLgtVTlaLdjj=s1024-v1,"Seafood & cocktails in warm surrounds. Seafood restaurant with a relaxed, old-world atmosphere offering a raw bar & bustling happy hour."
Gooski's,15219,,40.4568278,-79.9664917,Bar / Pub,,,,$,https://lh3.googleusercontent.com/p/AF1QipNZtVCWTP2CpeZHWxBoo0KXkWK_j-5tMszwQFfY=s1024-v1,"Vintage watering hole with bites & bands. Dark, old-school hangout with imported beer, pierogi & other bar bites, plus live music & a jukebox."
Grant Street Tavern,15219,http://www.thegrantstreet.com/,40.4376887,-79.9976353,Bar & grill,,,,$,https://lh3.googleusercontent.com/gps-cs-s/AHVAweqOhnYZyGeYZZvfAX1jzl5DOfwNPISCctzOPtddZCoXx1fNoCXF8-WGaJDDdhaKHaA556SmEsQS-sAgnuSB_I7WTTLfEXynGl5RKWU03wXkw7e4qXAMpzTzZOjXYUU_U6f7qCuF=s1024-v1,
Homerun Harry's,15219,http://www.homerunharrys.com/,40.4337069,-80.0053751,Bar & grill,,,,$,https://lh3.googleusercontent.com/gps-cs-s/AHVAweqL3V3h8rwYzT2R-RPLq6kE1hhI9KL0zACUGTtMygGzQwgsVpvKJIZuSg-i8g898a80C0qbrHhiGRskUtGnRNKUyIB4BfdsL84PfaJU_AnV8lfqfaUFuJz8_e0yzkbIxuxPWV_q7g=s1024-v1,
Jay's Lounge,15219,,40.4472258,-79.9779664,Bar / Pub,,,,$$,https://lh3.googleusercontent.com/gps-cs-s/AHVAwepgVWMT5P3GdKFHgDmGjGuxXJJtAZ-AZwBC9yeWbOmmx65Qc2ZnmxvfFUK6fNGEHL51mqfjshSHczQBfQqwkoc0BDmHKQ04AcQ6titpsEsu579voFlHAwbBlY2gOhytOmu7ZVtQXWXzB-4=s1024-v1,
Mitchell's Pub,15219,http://originalmitchells.com/,40.4371371,-79.9965676,Bar / Pub,,,,$,https://lh3.googleusercontent.com/gps-cs-s/AHVAweqcIyPcbRCkXy01Rh_fAb1PxN8-puiY_rw_XA11mDyoOKjzK6WK-1JoGmp5E8oupVkNYFigztU83mjrk16nf_SdIUKPlGB6ReuYlzptHQeQvQBJngmzLnv417euanuTUDc-JNvd=s1024-v1,"Family-friendly stop for American fare. Family-friendly eatery offering chili, sandwiches & other American fare in a sunny-yellow space."
One Social,15219,https://www.onesocialpgh.com/,40.4383265,-79.9990769,Bar / Pub,,,,$$,https://streetviewpixels-pa.googleapis.com/v1/thumbnail?panoid=Ky1qHjkhEkY0IbjdDp21DA&cb_client=search.gws-prod.gps&w=80&h=92&yaw=298.59012&pitch=0&thumbfov=100,
Pope's Place,15219,https://www.facebook.com/Popesplacepgh/,40.4567623,-79.9677263,Bar / Pub,,,,$,https://lh3.googleusercontent.com/gps-cs-s/AHVAwepnBowFUfwBfUl-AP-xXui-Lnh5JPzwYI3mJF0FktUdR8bcrGDmgrUC63cDcSGoos6Fo92Othy7vVv_DISVqg-_e9q3fIyGdWVT4rv6t9_XUCzeEW_y-mFufjL9NWT5U_9j-oAo-Q=s1024-v1,
Puff House,15219,http://puffhousepgh.com/,40.4371366,-79.9971364,Hookah bar,,,,$$,https://lh3.googleusercontent.com/p/AF1QipPcAaB4khsMZ9NkYFQQMtqX0MXxBIacBJQwkH-6=s1024-v1,
Shale's Cafe,15219,,40.4385583,-79.9885483,Bar / Pub,,,,$,https://lh3.googleusercontent.com/gps-cs-s/AHVAwer2qXDt05y1RYFK5_FNgl3bBUcdYuSHWdUyYyHY0Epf4nv7YHY6s6iPSZ2U-Qfk0gm4rkwf-YBb7rSlgnpK0VrvwV8NJbUBYExEsDb1dzTh6jOkWMMIoArs9vAgbNuiEB6pq9CCOw=s1024-v1,
Sly Fox PGH Brewery at the Highline,15219,https://www.slyfoxbeer.com/pittsburgh-highline,40.4307231,-79.9957875,Winery/ Brewery,,,,$$,https://lh3.googleusercontent.com/gps-cs-s/AHVAwepQtzPmB_bv3nIuFqFrQ43lK4b011WUWsSZQYxvlJd7ezMN394ceh5dwc7p-q7FYnegCX0PUJ9D2Ci2c7ao5h0pZNt4OcH5NDIckqoBm_DVBLZg1fiTNnLTLeED1P8I2GVErzsn=s1024-v1,
Souper Bowl,15219,http://souperbowlpgh.com/,40.4387199,-79.9912827,Bar / Pub,,,,$,https://lh3.googleusercontent.com/gps-cs-s/AHVAweobZMO3N_0kPRZ_fF1Mep_mStZhaAoqgKQcgO_7y2dCOPN_0rYwDlA39_MVV-tGUfPEunxEmpMxYkAkSwUk17V2APjGZvHpWgUUvqbpcU5jbE2_HJt5TccQYHoOzdiVNRLeOk71=s1024-v1,Sports bar catering to Penguins fans. Penguins fans can stop in for pre- or post-game pub fare & a variety of brews at this bar & grill.
The Commoner,15219,https://www.thecommonerpgh.com/,40.4416676,-79.9962279,Bar & grill,,,,$$$,https://lh3.googleusercontent.com/gps-cs-s/AHVAwepxvPGTYdwFHCI3ouvBXDvVY9FtAQEP7MuZB3UxRh2EoS-H6FOUprNBWkFs_gg5JNwZO50CwaN_2TnbdbWA_vl8U1EaJzOhccjLuWbNuEEJAgrjJ2J4S8AQ76eYJFLlOVdQtPCz=s1024-v1,"American tavern eats in cool digs. Hip gastropub serving farm-to-table eats alongside draft beer, wine & cocktails."
The Finch,15219,https://www.thedistillerycomplex.com/the-finch,40.4309395,-79.9988057,Bar / Pub,,,,$$,https://lh3.googleusercontent.com/gps-cs-s/AHVAwerp12Dkz0enB_zeAB2PYhd2n1rkQtCpvU0FN5kDMQ-xID-aXKeLDfEPGxs3MI7iD7juGMQtHQ37BtRZB4JKe6n9TLh7jrHsIjZ8Wr0oq80zbRnak1uP9xXjZvrysNe_hSCVrSCEyPiLCIc=s1024-v1,
The Speakeasy,15219,https://www.omnihotels.com/hotels/pittsburgh-william-penn/dining/the-speakeasy,40.4404863,-79.9970773,Bar / Pub,,,,$$,https://lh3.googleusercontent.com/p/AF1QipM4cujFyGc_x3wTSITPP5ZgcUEWKa2wwrr8NZWO=s1024-v1,Hotel haunt with a Prohibition-era theme. Sophisticated 1920s-style bar in Omni William Penn Hotel with state-inspired cocktails & appetizers.
The Speckled Egg PGH,15219,http://thespeckledeggpgh.com/,40.4397355,-79.9971547,Bar / Pub,,,,$$,https://lh3.googleusercontent.com/gps-cs-s/AHVAwerrYF7VUGnUO-TmUMz8qIFUsBzsc0Un5GCZwYOVdyTrBG6KBzqAWk9-MG98PGmVd5zbZV6eamFgfrE6W3D-uVM5tPrR5iGfpXx3EEB-DqhqmjaQLVRMqRxrwRmNP5V0BXvbeF3a=s1024-v1,"Unfussy space for brunch & sandwiches. Brunch, sandwiches & cocktails offered in a straightforward eatery inside the Union Trust Building."
The Tap Room,15219,https://www.omnihotels.com/hotels/pittsburgh-william-penn/dining/the-tap-room,40.4405612,-79.9962419,Bar / Pub,,,,$$,https://lh3.googleusercontent.com/p/AF1QipO9LLum8h9eh1wldr61_Ff_3UcV3F_RrMkylVMD=s1024-v1,"Vintage hotel bar & American eatery. American pub fare & Pennsylvania beers served in throwback, wood-lined digs with roots in the '30s."
The Terrace Room,15219,https://www.omnihotels.com/hotels/pittsburgh-william-penn/dining/terrace-room,40.4405855,-79.9964428,Bar / Pub,,,,$$,https://lh3.googleusercontent.com/p/AF1QipO-E8KHw6PwporbeEgXYZd8OP9Z6GMdssII5F_C=s1024-v1,Classic American dining in a grand room. Soaring Omni Hotel dining room dating to 1916 & serving traditional American steaks & seafood.
Trace Echo,15219,https://www.tracebloomfield.com/,40.437367,-79.981653,Bar / Pub,,,,$$,https://lh3.googleusercontent.com/gps-cs-s/AHVAwerjAYWw98EeQzCZYQHS25H1HYPQzTDAD6FVVpVHYkPp2fCpbjTS04MDzromxQKTltQGl-S-D5ttToI8D9vypBuCG1yx9gdZLHy6TbUwgxOYG3I01JSP6-uQ5_i_ZMOGUQkhcDahWIy41wzK=s1024-v1,
A Reel Christmas Bar by Merry Marquee PGH,15222,,40.441173,-80.0030304,Bar / Pub,,,,$$,https://lh3.googleusercontent.com/p/AF1QipMhSkaRl2Df4pEKjoPS5nZZwVUzR1VMnREGa76P=s1024-v1,
Art's Tavern,15222,,40.4577123,-79.9742093,Bar / Pub,,,,$,https://lh3.googleusercontent.com/gps-cs-s/AHVAwepOBbvbiwFNmU5xWI08UEbj__ycDPRAtNdz236gyJ5boDMKlBeDhAbaSrXJRnRCfNdukUjM_34HdEpkdObGqpJ7aa6nb8Rcuu3AZHC8HsctGrUhGB62_9Tsvc2yGeY5y1YGEsswsA=s1024-v1,
Aslin Beer Company,15222,https://www.aslinbeer.com/,40.4512257,-79.9858241,Winery/ Brewery,,,,$$,https://lh3.googleusercontent.com/gps-cs-s/AHVAwepjapZXKvU-paFPtAboiBaPB_SCVb2dTS7LJGHU01w0fXyG2702F74c0lNVTuf3bFDzhh1nilC-R_Zcdox4QWSmzQmNaGuJhBWoqlT42D8hgkhceeH6N2sJZAkpKGoCKZ7hgcyV=s1024-v1,
Backstage Bar at Theater Square,15222,,40.4431941,-80.001041,Bar / Pub,,,,$$,https://lh3.googleusercontent.com/gps-cs-s/AHVAwep9WTjFfq-QeWfUGV3BdHs30OCgkopJ-Scs6gbExrDdiZCjgUGWLjm1mk_OawGMWWcxf_HYdIu9C6HCxRwF8_mAVsTfg04uxuCwq_ix1QrpgtJhxV74oeYaKk1atRIW19Ojlfcv_g=s1024-v1,"Small lounge with regular entertainment. Cozy pre-/post-theater haunt offering drinks & casual eats, plus frequent live jazz, cabaret & more."
Bakersfield Penn Ave,15222,https://www.bakersfieldtacos.com/,40.4440518,-79.996629,Bar / Pub,,,,$$,https://lh3.googleusercontent.com/gps-cs-s/AHVAwerbKrzZkii-syy8JNCncj4MTHx8M6mgy8Tf0k-Q3PoDjfnRnyHs7Wi3X4tVIXvb60K0KA301mWN5eqrRr17CwFTOyM0w2hHbfIpCT-z877SlwFHFoofTaffBara61dvg8j1sEHysA=s1024-v1,"Hip scene with tacos & tequila. Tacos & a few other Mexican dishes are delivered in an upbeat, margarita-fueled atmosphere."
Bar Marco,15222,http://www.barmarcopgh.com/,40.4524755,-79.9815213,Bar / Pub,,,,$$$,https://lh3.googleusercontent.com/gps-cs-s/AHVAwepSH9qi3XvkHVN-UqR8DXJpohOvnLSxlX1Bhar5kC4tntuJiTr0GhoGVvrFz7oExdkhJqe6uj-KxpxUHcXMyXNF1ny-cwCv7kyYKrA45JF0--lKt3VgtpREfT5pHI_tyDKLqz3v=s1024-v1,"Petite pick for clever cocktails & eats. Intimate, minimalist wine bar with a winning menu, vino list, creative cocktails & weekend brunch."
Bill's Bar & Burger,15222,https://www.billsbarandburger.com/location/bills-bar-and-burger-pittsburgh/,40.4440451,-79.9942672,Bar / Pub,,,,$$,https://lh3.googleusercontent.com/p/AF1QipNRio0fDqAAf65GxxSLMpg_z__2VjTcOs2eVA2h=s1024-v1,"Burger & beer spot with patio seating. Contemporary burger joint & bar featuring a large craft-beer list, sports on TV & a seasonal patio."
Cavo Night Club,15222,http://cavopgh.com/,40.4515174,-79.9846446,Night club,,,,$$,https://lh3.googleusercontent.com/gps-cs-s/AHVAwepBH0tSXOnRK2dxisfo7HhPRVspwDUyINcSfeH_HYcMrtFgq-0nyvPWwAWyZRIlKArww-kI0NXbPwiu2dQo_nN1whsLpCn0-iBfKwMjynN5j91h2YF7jiHtkuLX01VvnW455qM=s1024-v1,"New American eatery & weekend dance club. New American restaurant with house cocktails, plus a chic lounge offering weekend DJs & dancing."
Cinderlands Warehouse,15222,https://www.cinderlands.com/,40.4559512,-79.9792792,Winery/ Brewery,,,,$$,https://lh3.googleusercontent.com/gps-cs-s/AHVAweqpgsRUm1GWZk5MqzSBG6sAkzlvBjEpoXxlnmMqgFBBEuNP5MPjNw9RSMFOuO9_dbEKwZnAFC_E_g4Erf1d2UjiHDr9IYycrIVF83zcTe-JY56StR-j43PS3DwVSvcu8t72M8Q=s1024-v1,Housemade brews & creative pub fare. Elevated bar bites & house beers are served in a rustic-meets-industrial setting with a warm vibe.
City Brew Tours Pittsburgh,15222,http://citybrewtours.com/pittsburgh,40.4471619,-79.9923189,Winery/ Brewery,,,,$$,https://lh3.googleusercontent.com/gps-cs-s/AHVAwerHKmbNGZtynTrou-Kba3y1QeartCiABsbin9CQ9yKU8dlLxKBUtKbc_4q0uW6VpeQ5z3M8UEWc5ysxH1ls9Ell9LVY3Wfetuo0dRe6cFXMgwu-Ii5v5-E9197TBbbHdfQ14bYktQ=s1024-v1,
City Winery Pittsburgh,15222,https://citywinery.com/pages/locations/pittsburgh,40.4499809,-79.9879542,Live music venue,,,,$$,https://lh3.googleusercontent.com/gps-cs-s/AHVAwer7d_ToegKy5g_XHv_y3x-FjHug8FC3YMeSm5B1NjZa5jAvP2wmd-jff_ZPvhvSbFOS3osZI1WdjBFKdHi4xkTztyugqEUfAVuG2gf1Q0rWBqU_lTMnB_P0-BLOgens_XHWrlMpntaCYC0=s1024-v1,
Condado Tacos,15222,https://locations.condadotacos.com/pa/971-liberty-ave,40.4437921,-79.9954945,Bar / Pub,,,,$$,https://lh3.googleusercontent.com/gps-cs-s/AHVAweqwNgWQa_r6ARKEKvJjsV6ShNeh4QuYjrhtPls5osIVUjz83D4XGKUaqhKtr7hXCrtfkERSHMQ23xqOZQ29fApwoUaPs2AaNmeVo0Y3qhY5Eus9Fz8uexNP57DlRKpHAQJFXz5VxQ=s1024-v1,
Courtyard Winery,15222,,40.4509557,-79.9851664,Winery/ Brewery,,,,$$,https://lh3.googleusercontent.com/gps-cs-s/AHVAwepyeCZdiTsT5ciVA-udipvaaPoLMfyAiNe7t0WzvYlv3xmIhKjjAoyKdAeQ0PYKDJRAWIko-OOTBFZjYMbB1YWNNodA_ysj-Xlsd4tl6R_pGLiApzVv8a5_6lUe89NnjBfXel1KZQ=s1024-v1,
Emerson's,15222,http://www.emersonsonmarket.com/,40.4412024,-80.0024625,Bar / Pub,,,,$$,https://lh3.googleusercontent.com/gps-cs-s/AHVAweoUjbFASKk2qMZYWufpOvkqrDSsMWdusqH-wH30-iWbIcs1FtRHF0jklz2bFK_kmgBs3N0OglFGp1jgLGQhYjutD9ZwypeDccTgGEHijlvejsRbbcVsOfx2k9JNRJz9kuVdihHQvg=s1024-v1,
Forbes Tavern,15222,https://forbestavernpgh.com/,40.439784,-80.000461,Bar / Pub,,,,$$,https://lh3.googleusercontent.com/p/AF1QipMiws6DGUyzauBzn8FtN3QlJZLOHRHEgtOPVlM8=s1024-v1,
Helltown Brewing - Strip District,15222,http://helltownbrewing.com/,40.4496567,-79.9857517,Winery/ Brewery,,,,$$,https://lh3.googleusercontent.com/p/AF1QipOd5BxQP5f8o5mKE1PqT6qJr6R761dOMhhDVdc8=s1024-v1,
Howl at the Moon Pittsburgh,15222,https://www.howlatthemoon.com/pittsburgh/,40.4437587,-80.0003207,Bar / Pub,,,,$$,https://lh3.googleusercontent.com/p/AF1QipN4DPhAUjFsUGcjEuH0NinZINSSpyhmC0dW-rN2=s1024-v1,Vibrant bar with regular live music. High-energy regular live music shows in a popular bar chain featuring novelty bucket drinks.
Il Tetto Rooftop Beer Garden,15222,https://www.siennamercato.com/II-tetto-menu/,40.443966,-79.996412,Bar / Pub,,,,$$,https://lh3.googleusercontent.com/gps-cs-s/AHVAweoyrDa4Ntp2DG_g1-4_aQFwkMTnwp5QHxKlmy6hwc6AB9g-z1TVQIQXb4k5wCoxmwUUmP7XXFdCatXvCsvv3MFf-5DSW3aX9g5BE_MBwEksgIWNTjN26TRoPIIzB-4zactaicgsbsDYaRuJ=s1024-v1,
Level 7,15222,https://www.level7pgh.com/,40.4457372,-79.9937571,Bar / Pub,,,,$$,https://lh3.googleusercontent.com/gps-cs-s/AHVAwepxRMRtIeaAy4raWL1GC3VogPVd64cZpUft16ETB_dJd2tcmoNQryI0fpOQ9_fvhCcAKV05qlDrDh0sNasdM4Il7r2nX8F4gCrJdU_Ou7RfHqneA0w-CfGku5zEtDjt24NiSkni_Q=s1024-v1,
Lounge at Greer Cabaret,15222,https://trustarts.org/pct_home/visit/facilities/cabaret,40.443224,-80.001049,Bar / Pub,,,,$$,https://lh3.googleusercontent.com/gps-cs-s/AHVAwerIXLBPott6hbfgRXWQ6_ZfNckcxeQhn_yoE8_5HDb0LmsqsHttPj-jzQY8GPuwPrwf5f-NEpqitk6Bnsc4mriKvfRmh0bDwEMCaCO3PWrLrEkiM7jvMIA6obYXr6pVFLNuulfDPw=s1024-v1,
Olive Or Twist,15222,http://www.olive-twist.com/,40.4429809,-80.0024165,Bar / Pub,,,,$$,https://lh3.googleusercontent.com/gps-cs-s/AHVAwerD6WowxEOKpkAU6VYM0yQDpqD5nJJ07Lhgdmj4k-Rr3593b68QCjD3Ad849AI34LwCWvNdUZ2Prhj0CDX3olhFI4NbVnE-PVAKRbhf0fpo3EdbfkYWIAttJ6ndFbRCc_6B9ZIE=s1024-v1,"Martinis, global fare & live music. This brick-walled, bi-level cocktail lounge offers a global menu & live music on weekends."
Ollie's Gastropub,15222,https://embassysuites3.hilton.com/en/hotels/pennsylvania/embassy-suites-by-hilton-pittsburgh-downtown-PITSMES/dining/index.html,40.4410649,-79.998139,Bar & grill,,,,$$,https://lh3.googleusercontent.com/gps-cs-s/AHVAwerhYLLpK6CUC_iGt1CkDUcb6ZCnmilPAHWCWHCxkiQ_h1clEezQJxEEzfRuOU3PG6kzLWzsRzYzr7JM9mYpsU1XsVmF0XC7448C_OinqqKhGGNzPCaC4kDMw6WgtJ5hK0h_uY-wdg=s1024-v1,
Original Oyster House,15222,http://originaloysterhousepittsburgh.com/,40.44096,-80.00201,Bar / Pub,,,,$,https://lh3.googleusercontent.com/gps-cs-s/AHVAwepT5MS5A91LzdK-yK7x-tCt9BrXAI-44ErxsCeiqeBaSr0vjBOYUTmUfB_bb1XFuqCRxsASCEi-ZhTVdHox9NhoSj7FerpfnmbEbStXwHfqulnZlOU5kwOs4Od31Xgt5JFemFQX=s1024-v1,Historic eatery serving seafood & brews. This old-school fish house & tavern (since 1870) offers fresh seafood platters & drinks.
Penn Society,15222,http://www.pennsociety.com/,40.4442901,-79.9957199,Lounge,,,,$$,https://lh3.googleusercontent.com/p/AF1QipMuQGcdh2vvSYUdsUhVOv3U2zSjiQrpWnmNDt6E=s1024-v1,
Phils,15222,,40.4434507,-79.9986427,Night club,,,,$$,https://streetviewpixels-pa.googleapis.com/v1/thumbnail?panoid=IqB4yOLcsvlEXAxrUInXWg&cb_client=search.gws-prod.gps&w=80&h=92&yaw=158.57932&pitch=0&thumbfov=100,
Puttery,15222,https://www.puttery.com/locations/pittsburgh,40.4483462,-79.9903812,Bar / Pub,1,,,$$,https://lh3.googleusercontent.com/gps-cs-s/AHVAwerQqhGqetIWwQAdPfzReNwNzQD_cXmdACKpBwJ_sxiAHTiNoqUFxljUbp_OOrcvgUrn0riDZM_ljPLt9B12wJ0Hw765tfI9dFlhNeOl-4QvhHxySnAKlemoLGU8rqk_0NN0KKHS=s1024-v1,
R Wine Cellar - Pittsburgh Urban Winery,15222,http://www.rwinecellar.com/,40.4544221,-79.9793375,Winery/ Brewery,,,,$$,https://lh3.googleusercontent.com/gps-cs-s/AHVAwerZa1lvR6cZbHyZsjq4XM3mIGzCsSjC4vkeIVAENtP5zmkeQzW7umTV4Lgb4yczyLqXOuRi3bzirA-Y5-OTNpsDnJoe66ijgpSVb4dtm3e6hRznjaQ9TZw02dYxrQyBuFm_4YB4=s1024-v1,
Real Luck Café (Lucky's Bar),15222,https://www.facebook.com/pages/The-Real-Luck-Cafe/208436672531163,40.4487203,-79.9882282,Bar / Pub,,,1,$,https://lh3.googleusercontent.com/gps-cs-s/AHVAweo_Tvuj6hvgHkmzCxlq1lKHS667GsSZi8cHETrWYU8ebNAeRQ384CpvN423o6e7eV15QyhxamURk1BWM4vupZfc5tV2ddswb1cTq5Z2LpAA6OC83-ESAjicrwRayzeED3kVFY8=s1024-v1,"Unpretentious gay bar with go-go dancers. No-nonsense bi-level gay bar featuring booze, go-go dancers & regular DJ nights in a lively setting."
Rick's Cabaret & Sports Bar Pittsburgh,15222,https://www.rickspittsburgh.com/,40.444203,-79.998344,Night club,,1,,$$,https://lh3.googleusercontent.com/p/AF1QipOTVcuRbJsFbyJreYrJfNVtDrWLOskQdZEC2fGf=s1024-v1,
Sally Ann's,15222,https://sallyannspgh.com/,40.4430608,-80.0024138,Bar / Pub,1,,,$$,https://lh3.googleusercontent.com/gps-cs-s/AHVAweof5jDMJwx16jxll-NOWzXjeE2LNHBa7OCj3USlBslbmlbtUjH1N-Z1qT8j7nVnUoeYrgQV__OIc-axPp6PD-9CUpPkcQNdgb5uloDSMPTPbSiJPLEltDUGXHD_MaSHmm1GEEutzw=s1024-v1,
Sanremo's Pizza & Bar,15222,https://www.sanremospizzapgh.com/,40.4382756,-80.0040685,Bar / Pub,,,,$,https://lh3.googleusercontent.com/gps-proxy/ALd4DhFKqpvmvmujarLPY-chuJFU2b0T1AUdABm7-pWICrN1yCLI46YpO0VyRJtgxMMOrSZ4bVUUx5r1jqxVClz4Ps8NGl6Qa4q_hzqj8ra2Q11DRIGY8ZQvjGaS4kjm0qW60PGZlBQEHupOWppsgOB3ylHzqxVvZqA08xF9wFlI0diOBhmBkcv9XPtuZLme8i_p8Zn4OHM=s1024-v1,Enduring stop for hand-tossed pies. Italian eatery & bar serving hand-tossed pizzas in a straightforward setting since 1975.
Sienna Mercato,15222,http://www.siennamercato.com/,40.443966,-79.996412,Bar / Pub,,,,$$,https://lh3.googleusercontent.com/p/AF1QipPYIUtqnUIKSVtYwqq4O6ynMihCo3VDs1Ug6bo=s1024-v1,"Italian fare in a buzzy, 3-story venue. A 3-story Italian eatery offering diverse dining options such as a rooftop beer garden & a pizzeria."
Sly Fox Taphouse,15222,https://www.slyfoxbeer.com/pittsburgh-point,40.4406999,-80.0061463,Bar & grill,,,,$,https://lh3.googleusercontent.com/p/AF1QipMP6OQxEVena3NIoPsTAHAr-BiEkKueyyFrm8Bp=s1024-v1,
Space Bar,15222,https://spacebarpittsburgh.com/,40.4412766,-80.0029758,Bar / Pub,,,,$$,https://lh3.googleusercontent.com/gps-cs-s/AHVAweovZtYYDvGkKDHh4pwalCGpmVCWfE--q68m7kabW92AC4yeyFRNmj_rI6vcq26rgIIGRVSs-oMizf0oIL3n7oAaftHjB-ewgaTzlEiQ7eaxbNvmOdYVzEjajQkiyQOp24Crw312t-PQs8N8=s1024-v1,
täk?,15222,http://www.takopgh.com/,40.4423048,-80.0021624,Bar / Pub,,,,$$,https://lh3.googleusercontent.com/gps-cs-s/AHVAwepFFBu4_XlMcT00rvmF1i0Bfxaqn16hmqNTyaRhib2Jrz_umy_fPw3R2uhfaojzLG5O478LffGJilAJUBpGpIG6fEv7QJih1DlkShKWdbgEWo6bfS5-WbezbwhoP2yWegPGh-1rJg=s1024-v1,"Hip taco shop with outdoor seating. Lively, stylish taqueria with sidewalk seating serving inventive Mexican street food."
The BeerHive,15222,http://thebeerhive.com/,40.4520999,-79.9827173,Bar / Pub,,,,$,https://lh3.googleusercontent.com/gps-proxy/ALd4DhFVt0OP_4K5-gHi2ncX84YXFvHuK265NgWrHmihIEUU8ULeUDlfZPy_ZLv9_9fWh4etBqieTx6q7fU2iGvY7rFAHDWJURQuVAWC4OnvkwKg47k5yWpkRlvi22J5aHQnQczvVIlHZCM6Rw0vSL2GZiqHowVstgI_oCtx-5tjWM7eblw8ExJcUmsYuflOvdsdiMsUAe4=s1024-v1,"Craft brews & inventive bar bites. Family-run bar & grill with rotating taps & multiple bottled beers, plus burgers, wings & tacos."
The Original Pittsburgh Winery,15222,http://www.pittsburghwinery.com/,40.4571477,-79.9754888,Winery/ Brewery,,,,$$,https://lh3.googleusercontent.com/gps-cs-s/AHVAweoJk0g9hSuP8AnUZuV4UiPbfQyt-pdqD-VvfgyniZMtLcXd-L9qJPAmCArGs2NmS4GMIfvWVNT5qiX3-c0tIbOfurcwlrG2eRMR0tngUiSJkfiYDhtHbXV3JKquWR6HUqfxA-Q=s1024-v1,
The Pub on 5th,15222,,40.44031,-79.998892,Bar / Pub,,,,$$,https://streetviewpixels-pa.googleapis.com/v1/thumbnail?panoid=13MbmTnZliLsyqQaVrRz3A&cb_client=search.gws-prod.gps&w=80&h=92&yaw=39.095024&pitch=0&thumbfov=100,
The Rebel Room,15222,https://www.rebelroompittsburgh.com/,40.4395984,-80.0014058,Bar / Pub,,,,$$,https://lh3.googleusercontent.com/gps-cs-s/AHVAweoU9Qrohu6A7mriaeo-vsJ_Xs3iKhYRbaBYtJM6-25WbfGMH_b3cZCqzYbRtbzLRqCsVEwPj1Pic1_LzUuK71rVzVHChNOlKfuNpW63adClX-UV05pDP8VbMbr_pyUQY223rHIhmA=s1024-v1,
The Tavern,15222,,40.4509979,-79.9849994,Bar / Pub,,,,$$,https://lh3.googleusercontent.com/p/AF1QipO6TSz-Pm-maXFbdSdT4ZEf47BzZnFCI9YO2bXK=s1024-v1,
Tilden,15222,,40.4435542,-79.9966108,Bar / Pub,,,,$$,https://lh3.googleusercontent.com/p/AF1QipPVVM778pV2IrRIMRX2Om9cJ3no7VoFXEFi0qcW=s1024-v1,
Wigle Whiskey Distillery,15222,http://www.wiglewhiskey.com/,40.4542531,-79.9813432,Winery/ Brewery,,,,$$,https://lh3.googleusercontent.com/p/AF1QipN9Qbi90LDgcMyT_aOITwwsq_pZ5uHvvBmn7A0N=s1024-v1,Whiskey distillery with tours & tastings. Distillery with tastings plus hour-long public & private tours about Pennsylvania's whiskey history.
Brillobox,15224,http://www.brilloboxpgh.com/,40.4656218,-79.9547715,Bar / Pub,,,,$$,https://lh3.googleusercontent.com/p/AF1QipNcfNwC1rl5mcPUhrZmGHlTQjcKLKBa8VbNjual=s1024-v1,"Chill, hipster spot for drinks & tunes. Relaxed lounge serving mixed drinks & bar eats features live music, dancing & special events."
Froggy's Bar,15224,http://froggyspgh.com/,40.4624919,-79.9508676,Bar / Pub,,,,$$,https://lh3.googleusercontent.com/gps-cs-s/AHVAweryDldwFYN-yaVlPh-omfr_V9qGUr60XxiqS1Z0ckXZlC_Xp69sn9cqvvUd4JEqfKZpF5yiFh0al81VXPLOBv5RVdLPWPJ60DF1z6WSkZGLC6G5OE79Qdz-qOEHxkcr3Mw5UE0=s1024-v1,
Lou's Little Corner Bar,15224,,40.4593209,-79.9452379,Bar / Pub,,,,$,https://lh3.googleusercontent.com/gps-cs-s/AHVAwepJWdy3NuTPAB7bU9OUKE_f7OT5U4tQi1yipABACbXttQphjj8_aI_r8mM5pfAJ4FXk4--ZOAWyw_t8h0XFYbFFJisrEs-wKsFoojcYCEF1BjxZqWrGcsV-AX2x02Z05LwRvpc=s1024-v1,
Mary's Bar,15224,https://maryspgh.com/,40.4646923,-79.9416904,Bar / Pub,,,1,$$,https://lh3.googleusercontent.com/gps-cs-s/AHVAweoFJiQ2xcFRLYnsEZlBQjbWAH4ndaFAG5OBsHYW5Vx95bLtnXPSrJdRd90TWFRq4OdacggUXg7J7wCIMqAl4fLewiCcLtpjumMN58kKUWNtqCM_hl1Q1zb_yTLaZb2gZhlCKJWqekFMp88n=s1024-v1,
Pleasure Bar,15224,https://pleasurebarpittsburgh.com/our-menu/,40.4617028,-79.9486917,Bar / Pub,,,,$$,https://lh3.googleusercontent.com/gps-cs-s/AHVAwepnz5Ubn9w4KTCnYst48JAvyYdEma3m37NzKCcAdQ7an7XiNdqA2Q2Nrq66cnrk7TpeUit1cPt_-KM1Lx9uFvlQGDpvA0b4osl5-9h2CiCgV1sKlPiBh-ifuNnZP2RJ2hd-LPgbHQ=s1024-v1,"Old-school bar & Italian restaurant. Old-school bar offering 6-packs to go, plus an attached Italian restaurant with sidewalk seating."
SPiLL - The Wine Bar,15224,https://www.spillthewinebarpittsburgh.com/,40.4602983,-79.9470263,Winery/ Brewery,,,,$$,https://lh3.googleusercontent.com/p/AF1QipPidhLt9JQjPBMkmJE1MMz6Od4L5j7iQ9-ISeBh=s1024-v1,
Trace Brewing,15224,http://www.tracebloomfield.com/,40.464085,-79.953357,Winery/ Brewery,,,,$$,https://lh3.googleusercontent.com/gps-cs-s/AHVAweoJhE-zhnzBgQkvBty1uAYCNDDGFswVO3t_fxys5XMOp-3QFGUQKqlMTH2d1UC1aWhWmzVH4d4WI1TSdfQY8DdkqWYjpkMjt3AJU-sVG8C80iN4rUo6bJpHEFRoyMzi-vuP_mecIA=s1024-v1,
Marshall's Lounge,15226,,40.3920988,-80.011078,Night club,,,,$$,https://lh3.googleusercontent.com/gps-cs-s/AHVAwepm5m2lMLQzuH2EHcWcAX_p--i6xeETYXgk1DE1QKcSdhO67eWeAmDrg7N5adnf4iYx3J7_ooUP3iRTIOJxQlRtYc7PR4AaPqH2KSd5Fs7eXzAIK5e1K_wmb30oXi0t05NNG6eN=s1024-v1,
Slick's Bar & Grill,15226,,40.4052656,-80.0184818,Bar / Pub,,,,$$,https://lh3.googleusercontent.com/gps-cs-s/AHVAwep3QOyvdjy976BLnY39Bs-04qwPlBYAIY_YXbl620O2OsFuiqUFmHMuU75Gj_NdqduAHeW5HfPapT0KIBvTxGRHkwmknGSLBTdfi2-vIQSBeJNPuS8NX04iR5NBBR-ofbNFG6PFAA=s1024-v1,
Characters Lounge Inc,15227,,40.384737,-79.9782903,Bar / Pub,,,,$,https://lh3.googleusercontent.com/gps-cs-s/AHVAweqd6gttRcuuTxHMZCpkQv_lizWo5kP7lXfaXDCSFNgUeu53VKSwQ_MWQst2eGvV9qD6G6gDvEcjpP6xgTmvJUoaxLEg_JQbEz34sd74nEUA3dkdWdfxwR4yuqNdZGcwFopFg3Q9cw=s1024-v1,
Shawn Ryan's Pub,15227,http://shawn-ryans-pub.keeq.io/,40.3825647,-79.9766067,Bar / Pub,,,,$,https://lh3.googleusercontent.com/gps-cs-s/AHVAwervDy95eYHxpE7lvkQQAO0QddwiIY6XSylDBSIE9KyjPZLrqRONtWTlbGEudDHrkc1ewAuf43zm2q_yDj1Gkfy_PSmFQLs7vInuFQS3Q2PSvxY13gGI3a0p-_FVxph77LLuIfT5=s1024-v1,
Hitchhiker Brewing - Tap Room,15228,http://www.hitchhikerbrewing.com/,40.3775864,-80.040657,Winery/ Brewery,,,,$$,https://lh3.googleusercontent.com/gps-cs-s/AHVAweoZeG5VTDEiST3eQeSvGWgsGS7wAddmXwunTcEgI23tuCMd0upRDUfzeABilZIV_NkfW_tsukvWSfAdgqMAlxJgXmy0Xf7v3bPwaz6h9FQg54Hrt4fZX7KUIiri3GnBCYfp_aruhQ=s1024-v1,
Highland Bar,15229,,40.5221897,-80.0349475,Bar / Pub,,,,$,https://lh3.googleusercontent.com/gps-cs-s/AHVAwerWjnj7JbWQhyTcbi7VHV-xl2Moy4e1P1EUDCMBjmWzJnptal9kO4GzAwLhBmRJaK12_lqO2yerYgdXRxIvT_jEusjzLEZ0BqnXAkdJkYx2moWUpkdGYm1nXDyi-UWqRXKPzake=s1024-v1,
5801,15232,http://www.5801pgh.com/,40.456257,-79.9307543,Night club,,,1,$$,https://lh3.googleusercontent.com/gps-cs-s/AHVAwerP7XyNlaowV55ZZbxfdJv9q_LhwFcY4Dkxf79YVqWaJSZhASCMvBJpDrdfMvNy-6145tPj0QxE_Nib5dGZyuQWrTIOn28PopOOW9Tt1S7OJJWezq-hoeV539EltrhikxR0lak=s1024-v1,"Lively bar for themed nights & games. Upbeat watering hole with poker & dart leagues, daily drink specials & a menu of fried fare."
Le Mardi Gras,15232,http://lemardigras.com/,40.4512139,-79.9346528,Lounge,,,,$,https://lh3.googleusercontent.com/p/AF1QipP7c4BfNwi8WTCAmiN1sCpC_9WhUgXMVJu0JsZU=s1024-v1,"Stalwart cocktail bar from the ’50s. Moody, old-school lounge, open since 1954, featuring cozy booths, a jukebox & classic cocktails."
Four Points Brewing Taproom,15233,http://www.fourpointsbrewing.com/,40.4517419,-80.0172844,Winery/ Brewery,,,,$$,https://lh3.googleusercontent.com/gps-cs-s/AHVAweqfkQHS_z1rlDx3LrjRbD5UjaTlFMpVny0Vb6caibZiTJwqCacYLOER-dmudmX1aGcPb0lyFhjEf-KXmQCZM2aRyCTo_bJ7kGHD2KWJo7vGqMiAhtqQph-bDKzBGCcqhi-4s-Ny=s1024-v1,
Late Addition Brewing + Blending,15233,http://www.lateadditionbrewing.com/,40.4519498,-80.0159561,Winery/ Brewery,,,,$$,https://lh3.googleusercontent.com/gps-cs-s/AHVAweoZdRww-w41M8KOmxwT5nnu5ElTEpkT_fiMo7Z98SNvXgqmPtjz4oGJLOZmslhNaN-4YpfswO_4xW-qzNL-lxCDH9-PqTSKp0EIX1sjsOzuiF4YpwSGRMyJrAXvDTokZUPbznEK_oIqwYFY=s1024-v1,
Lefty's,15233,,40.4520412,-80.0167679,Bar / Pub,,,,$,https://lh3.googleusercontent.com/gps-cs-s/AHVAweqaApO0Yv0f-11N_tM0KLUSlpgdRWwSwtnvRb7aqRCO-K04gbWctIxiB0FqyiqzWdA5gDyRPt62O9Y62bRc2jiq-E-RCScJHDO6wwMRjfpUc_eOqwuerHKHU-UbIf6utv-zEmFs=s1024-v1,
MCG Jazz,15233,http://www.mcgjazz.org/,40.4575271,-80.0324783,Live music venue,,,,$$,https://lh3.googleusercontent.com/gps-cs-s/AHVAweo451-fK4F2YMtWnTKwMQU60EHi75Y7uZ6GKyPfAWB7YMCcxTex5ppgqduSsLbMT517xVcaIlZTvHP3ZM9YyCfzgxWoCi17hf2W_L3hrX5fcNpJ4C9XXZerKEo6oSDgVWiHo_Dz=s1024-v1,
Refucilo Winery,15233,http://refucilo.wine/,40.4517569,-80.0167548,Winery/ Brewery,,,,$$,https://lh3.googleusercontent.com/p/AF1QipP_pczPaOpSLTAwueq0R1PWqGMdDkqQwZCJbzYw=s1024-v1,
Chimera Brewing Company,15234,https://chimerabrewingpgh.com/,40.3642129,-80.022445,Winery/ Brewery,,,,$$,https://lh3.googleusercontent.com/gps-cs-s/AHVAwerWZXagqXmGW77XwtGaDKSEKV8mORXDMDZbPNOCMPsO668xOq1aFDWs5BNeoaK3DKmoXfJINpWik9vXcTzL-_NydXK5hQWjiND9Jw13bvcuVJGswFE33IuzVdstIThwQYhgllYo-A=s1024-v1,Brewpub & bottle shop with comfort food. House brews & more flow from the many taps at this casual brewpub with comfort fare & a bottle shop.
McMinn's Irish Pub,15234,,40.3639086,-80.0279012,Bar / Pub,,,,$,https://lh3.googleusercontent.com/gps-cs-s/AHVAweoXOt0KrPJzEkCBMC5Vd5jkrgvSq8qgU59vhif5q2LofB9hTZvQLjlwdTvdhU3Jpcuimx82oJECBIoKxNGgS5JZyx764dnLjW5BE4uBFVKs212_LI2r2AwvNmPXxEXn40rF8gRPqg=s1024-v1,
Park Valley Lounge Bar,15236,,40.3262176,-79.9867466,Lounge,,,,$,https://lh3.googleusercontent.com/p/AF1QipPvtv9KAq5oyrgQd7ndF2hP8pRI0bG5YQchanHG=s1024-v1,
Spoonwood Brewing Company,15236,http://www.spoonwoodbrewing.com/,40.3452979,-80.0139506,Winery/ Brewery,,,,$$,https://lh3.googleusercontent.com/gps-cs-s/AHVAwepuP-XW5v2qM2L-am5Vui_Zu8OhC0HwiMhKHOu4F7iLauQlhBsE3VGu-MD_U0MqtLEzcTAFVJ-Gx3Qj7IBlRxTrRjTjNABxg1r80hz2ZHTmcEiaCTTVpwf2I2ecGQ0IF_yZHIeI=s1024-v1,
The Crafthouse Stage & Grill,15236,http://www.crafthousepgh.com/,40.349887,-79.9962369,Bar / Pub,,,,$$,https://lh3.googleusercontent.com/gps-cs-s/AHVAwerFnL3wuKiAWFIBRgep4v_IeWvQmLERmWIpfi8laNdHFg_prOx-WgjX91lImOkXz4ewsirMZLOF3VE8gOylNqn2VpP9_87JU73ewNJ30rTwpwmgYw8Kamg8o_CqDaK_WjI23ENh=s1024-v1,"Live music, bar bites & many craft brews. Buzzy venue offering live music, pub grub & many craft beers on tap, plus a cigar bar & dance floor."
Barry's Pub,15237,http://www.barryspub.com/,40.5804007,-80.0375337,Bar / Pub,,,,$,https://lh3.googleusercontent.com/p/AF1QipPgQ9SybRLEPH1_S-WiYxZxFiwqwVx_Tf6D2x71=s1024-v1,
Deer Creek Winery at McCandless Crossing,15237,https://www.deercreekwine.com/,40.5700999,-80.021418,Winery/ Brewery,,,,$$,https://lh3.googleusercontent.com/p/AF1QipO1zyphAkqDWPhki9CO_4_ejuCCqoAQjk0IfmgV=s1024-v1,
North Park Lounge McCandless,15237,http://mccandless.northparklounge.com/,40.5660829,-80.0168073,Bar / Pub,,,,$$,https://lh3.googleusercontent.com/gps-cs-s/AHVAwepugbEueDVaJv_LEuxREilFxFRTFUn2b06WN5MdfstGLDGra5sOLaZu5LDyEycu74dGl5xDjCYkZPv8tQVr1rJGZQOJaJedHayTzLGGDj-AZJ5LoENbNY878c31V8s2dbcQL0qk1w=s1024-v1,"Informal stop for American fare & drinks. This casual bar & grill serves a menu of hearty American fare, with lots of screens for TV sports."
Bob's Garage,15238,https://www.facebook.com/Bobs-Garage-126837474022267/,40.4895848,-79.8723724,Bar / Pub,,,,$,https://lh3.googleusercontent.com/gps-cs-s/AHVAwep9-4wfvW6V4tqgKpqy2oEZpKkF9SgNnM0L8Tg8oeFiyTuIzHt0tUVQNkS8h2sEYVOhRhtAyxJccYQgOI9hGv4wcqHyCCEw3mA7RVZri_dHdYS4Y3D5W-YyufrPETnm8c4Lm5eO=s1024-v1,
